system,case_id,case_dir,rc_service,fault_type,param_a,param_b,param_p_base,param_p_shared,cell_id,n_sim,seed,n_spans,traced_services,n_nodes,n_edges,acyclic,shared,inject_time,n_observed_services,rc_in_graph,naive_rank,n_components,condensation_nontrivial,max_mcse,S_graph_comp_rank,S_graph_comp_tie,S_graph_node_rank,S_graph_rc_comp_size,S_graph_nodes_tied,S_graph_exp_rank_random,S_full_comp_rank,S_full_comp_tie,S_full_node_rank,S_full_rc_comp_size,S_full_nodes_tied,S_full_exp_rank_random,S_graph_meanagg_comp_rank,S_graph_meanagg_comp_tie,S_graph_meanagg_node_rank,S_graph_meanagg_rc_comp_size,S_graph_meanagg_nodes_tied,S_graph_meanagg_exp_rank_random,secs
OB,OB/checkoutservice_cpu/1,/home/user/data/RE2/RE2-OB/checkoutservice_cpu/1,checkoutservice,cpu,2,5,0.35,0.4,a2_b5_pb0.35_ps0.4,200000,684745628,391997,checkoutservice|currencyservice|emailservice|frontendservice|paymentservice|productcatalogservice|recommendationservice,7,9,True,currencyservice|productcatalogservice,1705354566,10,True,7,7,0,0.001115443812513656,5.0,2.0,5.0,1.0,2.0,4.5,5.0,1.0,5.0,1.0,1.0,5.0,5.0,2.0,5.0,1.0,2.0,4.5,2.36
OB,OB/checkoutservice_cpu/2,/home/user/data/RE2/RE2-OB/checkoutservice_cpu/2,checkoutservice,cpu,2,5,0.35,0.4,a2_b5_pb0.35_ps0.4,200000,2357898151,199960,checkoutservice|currencyservice|emailservice|frontendservice|paymentservice|productcatalogservice|recommendationservice,7,9,True,currencyservice|productcatalogservice,1708475361,10,True,1,7,0,0.00111524653950371,4.0,1.0,4.0,1.0,1.0,4.0,2.0,1.0,2.0,1.0,1.0,2.0,4.0,1.0,4.0,1.0,1.0,4.0,1.31
OB,OB/checkoutservice_cpu/3,/home/user/data/RE2/RE2-OB/checkoutservice_cpu/3,checkoutservice,cpu,2,5,0.35,0.4,a2_b5_pb0.35_ps0.4,200000,3207060318,408211,checkoutservice|currencyservice|emailservice|frontendservice|paymentservice|productcatalogservice|recommendationservice,7,9,True,currencyservice|productcatalogservice,1705623539,10,True,1,7,0,0.0011153646917040183,4.0,1.0,4.0,1.0,1.0,4.0,1.0,1.0,1.0,1.0,1.0,1.0,4.0,1.0,4.0,1.0,1.0,4.0,2.26
OB,OB/checkoutservice_delay/1,/home/user/data/RE2/RE2-OB/checkoutservice_delay/1,checkoutservice,delay,2,5,0.35,0.4,a2_b5_pb0.35_ps0.4,200000,3740261189,405229,checkoutservice|currencyservice|emailservice|frontendservice|paymentservice|productcatalogservice|recommendationservice,7,9,True,currencyservice|productcatalogservice,1705666511,10,True,4,7,0,0.0011154780049377935,4.0,1.0,4.0,1.0,1.0,4.0,3.0,1.0,3.0,1.0,1.0,3.0,4.0,1.0,4.0,1.0,1.0,4.0,1.97
OB,OB/checkoutservice_delay/2,/home/user/data/RE2/RE2-OB/checkoutservice_delay/2,checkoutservice,delay,2,5,0.35,0.4,a2_b5_pb0.35_ps0.4,200000,479305365,402454,checkoutservice|currencyservice|emailservice|frontendservice|paymentservice|productcatalogservice|recommendationservice,7,9,True,currencyservice|productcatalogservice,1705668921,10,True,4,7,0,0.0011154201251098173,4.0,1.0,4.0,1.0,1.0,4.0,3.0,1.0,3.0,1.0,1.0,3.0,4.0,1.0,4.0,1.0,1.0,4.0,1.98
OB,OB/checkoutservice_delay/3,/home/user/data/RE2/RE2-OB/checkoutservice_delay/3,checkoutservice,delay,2,5,0.35,0.4,a2_b5_pb0.35_ps0.4,200000,3069934992,404907,checkoutservice|currencyservice|emailservice|frontendservice|paymentservice|productcatalogservice|recommendationservice,7,9,True,currencyservice|productcatalogservice,1705671342,10,True,4,7,0,0.0011152859471341865,3.0,1.0,3.0,1.0,1.0,3.0,3.0,1.0,3.0,1.0,1.0,3.0,3.0,1.0,3.0,1.0,1.0,3.0,2.36
OB,OB/checkoutservice_disk/1,/home/user/data/RE2/RE2-OB/checkoutservice_disk/1,checkoutservice,disk,2,5,0.35,0.4,a2_b5_pb0.35_ps0.4,200000,228950959,391053,checkoutservice|currencyservice|emailservice|frontendservice|paymentservice|productcatalogservice|recommendationservice,7,9,True,currencyservice|productcatalogservice,1705373910,10,True,1,7,0,0.0011155427163493114,5.0,1.0,5.0,1.0,1.0,5.0,3.0,1.0,3.0,1.0,1.0,3.0,5.0,1.0,5.0,1.0,1.0,5.0,2.14
OB,OB/checkoutservice_disk/2,/home/user/data/RE2/RE2-OB/checkoutservice_disk/2,checkoutservice,disk,2,5,0.35,0.4,a2_b5_pb0.35_ps0.4,200000,2570298707,407608,checkoutservice|currencyservice|emailservice|frontendservice|paymentservice|productcatalogservice|recommendationservice,7,9,True,currencyservice|productcatalogservice,1705765528,10,True,1,7,0,0.0011155501869033054,5.0,1.0,5.0,1.0,1.0,5.0,3.0,1.0,3.0,1.0,1.0,3.0,5.0,1.0,5.0,1.0,1.0,5.0,2.27
OB,OB/checkoutservice_disk/3,/home/user/data/RE2/RE2-OB/checkoutservice_disk/3,checkoutservice,disk,2,5,0.35,0.4,a2_b5_pb0.35_ps0.4,200000,52105185,410342,checkoutservice|currencyservice|emailservice|frontendservice|paymentservice|productcatalogservice|recommendationservice,7,9,True,currencyservice|productcatalogservice,1705767825,10,True,1,7,0,0.0011154749748425556,5.0,1.0,5.0,1.0,1.0,5.0,2.0,1.0,2.0,1.0,1.0,2.0,5.0,1.0,5.0,1.0,1.0,5.0,2.16
OB,OB/checkoutservice_loss/1,/home/user/data/RE2/RE2-OB/checkoutservice_loss/1,checkoutservice,loss,2,5,0.35,0.4,a2_b5_pb0.35_ps0.4,200000,2953156408,385793,checkoutservice|currencyservice|emailservice|frontendservice|paymentservice|productcatalogservice|recommendationservice,7,9,True,currencyservice|productcatalogservice,1705376266,10,True,1,7,0,0.0011153762884672598,5.0,1.0,5.0,1.0,1.0,5.0,3.0,1.0,3.0,1.0,1.0,3.0,5.0,1.0,5.0,1.0,1.0,5.0,1.92
OB,OB/checkoutservice_loss/2,/home/user/data/RE2/RE2-OB/checkoutservice_loss/2,checkoutservice,loss,2,5,0.35,0.4,a2_b5_pb0.35_ps0.4,200000,2310694792,406092,checkoutservice|currencyservice|emailservice|frontendservice|paymentservice|productcatalogservice|recommendationservice,7,9,True,currencyservice|productcatalogservice,1705673762,10,True,1,7,0,0.0011152937948697645,5.0,1.0,5.0,1.0,1.0,5.0,3.0,1.0,3.0,1.0,1.0,3.0,5.0,1.0,5.0,1.0,1.0,5.0,2.33
OB,OB/checkoutservice_loss/3,/home/user/data/RE2/RE2-OB/checkoutservice_loss/3,checkoutservice,loss,2,5,0.35,0.4,a2_b5_pb0.35_ps0.4,200000,3457291329,402659,checkoutservice|currencyservice|emailservice|frontendservice|paymentservice|productcatalogservice|recommendationservice,7,9,True,currencyservice|productcatalogservice,1708489141,10,True,1,7,0,0.0011152961469941514,5.0,1.0,5.0,1.0,1.0,5.0,3.0,1.0,3.0,1.0,1.0,3.0,5.0,1.0,5.0,1.0,1.0,5.0,1.85
OB,OB/checkoutservice_mem/1,/home/user/data/RE2/RE2-OB/checkoutservice_mem/1,checkoutservice,mem,2,5,0.35,0.4,a2_b5_pb0.35_ps0.4,200000,2973958990,405917,checkoutservice|currencyservice|emailservice|frontendservice|paymentservice|productcatalogservice|recommendationservice,7,9,True,currencyservice|productcatalogservice,1705462070,10,True,1,7,0,0.0011152875175823498,5.0,1.0,5.0,1.0,1.0,5.0,2.0,1.0,2.0,1.0,1.0,2.0,5.0,1.0,5.0,1.0,1.0,5.0,1.96
OB,OB/checkoutservice_mem/2,/home/user/data/RE2/RE2-OB/checkoutservice_mem/2,checkoutservice,mem,2,5,0.35,0.4,a2_b5_pb0.35_ps0.4,200000,3879404975,327148,checkoutservice|currencyservice|emailservice|frontendservice|paymentservice|productcatalogservice|recommendationservice,7,9,True,currencyservice|productcatalogservice,1705626077,10,True,1,7,0,0.0011154666327932003,4.0,1.0,4.0,1.0,1.0,4.0,2.0,1.0,2.0,1.0,1.0,2.0,4.0,1.0,4.0,1.0,1.0,4.0,1.57
OB,OB/checkoutservice_mem/3,/home/user/data/RE2/RE2-OB/checkoutservice_mem/3,checkoutservice,mem,2,5,0.35,0.4,a2_b5_pb0.35_ps0.4,200000,1066536476,408171,checkoutservice|currencyservice|emailservice|frontendservice|paymentservice|productcatalogservice|recommendationservice,7,9,True,currencyservice|productcatalogservice,1705627856,10,True,1,7,0,0.0011153414221663248,5.0,1.0,5.0,1.0,1.0,5.0,2.0,1.0,2.0,1.0,1.0,2.0,5.0,1.0,5.0,1.0,1.0,5.0,2.31
OB,OB/checkoutservice_socket/1,/home/user/data/RE2/RE2-OB/checkoutservice_socket/1,checkoutservice,socket,2,5,0.35,0.4,a2_b5_pb0.35_ps0.4,200000,3284820971,404289,checkoutservice|currencyservice|emailservice|frontendservice|paymentservice|productcatalogservice|recommendationservice,7,9,True,currencyservice|productcatalogservice,1705656313,10,True,1,7,0,0.0011154681505426318,5.0,1.0,5.0,1.0,1.0,5.0,1.0,1.0,1.0,1.0,1.0,1.0,5.0,1.0,5.0,1.0,1.0,5.0,2.47
OB,OB/checkoutservice_socket/2,/home/user/data/RE2/RE2-OB/checkoutservice_socket/2,checkoutservice,socket,2,5,0.35,0.4,a2_b5_pb0.35_ps0.4,200000,1261066396,404599,checkoutservice|currencyservice|emailservice|frontendservice|paymentservice|productcatalogservice|recommendationservice,7,9,True,currencyservice|productcatalogservice,1705660355,10,True,2,7,0,0.0011156659992466382,3.0,1.0,3.0,1.0,1.0,3.0,2.0,1.0,2.0,1.0,1.0,2.0,3.0,1.0,3.0,1.0,1.0,3.0,2.06
OB,OB/checkoutservice_socket/3,/home/user/data/RE2/RE2-OB/checkoutservice_socket/3,checkoutservice,socket,2,5,0.35,0.4,a2_b5_pb0.35_ps0.4,200000,800724845,408384,checkoutservice|currencyservice|emailservice|frontendservice|paymentservice|productcatalogservice|recommendationservice,7,9,True,currencyservice|productcatalogservice,1705664091,10,True,1,7,0,0.0011154063214811004,5.0,1.0,5.0,1.0,1.0,5.0,2.0,1.0,2.0,1.0,1.0,2.0,5.0,1.0,5.0,1.0,1.0,5.0,1.99
OB,OB/currencyservice_cpu/1,/home/user/data/RE2/RE2-OB/currencyservice_cpu/1,currencyservice,cpu,2,5,0.35,0.4,a2_b5_pb0.35_ps0.4,200000,2150413506,401542,checkoutservice|currencyservice|emailservice|frontendservice|paymentservice|productcatalogservice|recommendationservice,7,9,True,currencyservice|productcatalogservice,1705682817,10,True,3,7,0,0.0011154055535431944,1.0,1.0,1.0,1.0,1.0,1.0,1.0,1.0,1.0,1.0,1.0,1.0,1.0,1.0,1.0,1.0,1.0,1.0,2.02
OB,OB/currencyservice_cpu/2,/home/user/data/RE2/RE2-OB/currencyservice_cpu/2,currencyservice,cpu,2,5,0.35,0.4,a2_b5_pb0.35_ps0.4,200000,3311218365,401017,checkoutservice|currencyservice|emailservice|frontendservice|paymentservice|productcatalogservice|recommendationservice,7,9,True,currencyservice|productcatalogservice,1705685216,10,True,4,7,0,0.0011154537137416326,1.0,1.0,1.0,1.0,1.0,1.0,1.0,1.0,1.0,1.0,1.0,1.0,1.0,1.0,1.0,1.0,1.0,1.0,2.18
OB,OB/currencyservice_cpu/3,/home/user/data/RE2/RE2-OB/currencyservice_cpu/3,currencyservice,cpu,2,5,0.35,0.4,a2_b5_pb0.35_ps0.4,200000,1426535756,403800,checkoutservice|currencyservice|emailservice|frontendservice|paymentservice|productcatalogservice|recommendationservice,7,9,True,currencyservice|productcatalogservice,1705687618,10,True,3,7,0,0.001115419359198593,3.0,1.0,3.0,1.0,1.0,3.0,2.0,1.0,2.0,1.0,1.0,2.0,3.0,1.0,3.0,1.0,1.0,3.0,2.23
OB,OB/currencyservice_delay/1,/home/user/data/RE2/RE2-OB/currencyservice_delay/1,currencyservice,delay,2,5,0.35,0.4,a2_b5_pb0.35_ps0.4,200000,1100131321,383583,checkoutservice|currencyservice|emailservice|frontendservice|paymentservice|productcatalogservice|recommendationservice,7,9,True,currencyservice|productcatalogservice,1705702012,10,True,3,7,0,0.0011153917114068044,1.0,1.0,1.0,1.0,1.0,1.0,1.0,1.0,1.0,1.0,1.0,1.0,1.0,1.0,1.0,1.0,1.0,1.0,1.8
OB,OB/currencyservice_delay/2,/home/user/data/RE2/RE2-OB/currencyservice_delay/2,currencyservice,delay,2,5,0.35,0.4,a2_b5_pb0.35_ps0.4,200000,3936000448,385915,checkoutservice|currencyservice|emailservice|frontendservice|paymentservice|productcatalogservice|recommendationservice,7,9,True,currencyservice|productcatalogservice,1705704343,10,True,1,7,0,0.0011154285427023105,1.0,1.0,1.0,1.0,1.0,1.0,1.0,1.0,1.0,1.0,1.0,1.0,1.0,1.0,1.0,1.0,1.0,1.0,1.93
OB,OB/currencyservice_delay/3,/home/user/data/RE2/RE2-OB/currencyservice_delay/3,currencyservice,delay,2,5,0.35,0.4,a2_b5_pb0.35_ps0.4,200000,3049897055,379232,checkoutservice|currencyservice|emailservice|frontendservice|paymentservice|productcatalogservice|recommendationservice,7,9,True,currencyservice|productcatalogservice,1705706604,10,True,1,7,0,0.0011153383119036125,1.0,1.0,1.0,1.0,1.0,1.0,1.0,1.0,1.0,1.0,1.0,1.0,1.0,1.0,1.0,1.0,1.0,1.0,1.81
OB,OB/currencyservice_disk/1,/home/user/data/RE2/RE2-OB/currencyservice_disk/1,currencyservice,disk,2,5,0.35,0.4,a2_b5_pb0.35_ps0.4,200000,1522585868,361288,checkoutservice|currencyservice|emailservice|frontendservice|paymentservice|productcatalogservice|recommendationservice,7,9,True,currencyservice|productcatalogservice,1705386669,10,True,1,7,0,0.00111526312500683,1.0,1.0,1.0,1.0,1.0,1.0,1.0,1.0,1.0,1.0,1.0,1.0,1.0,1.0,1.0,1.0,1.0,1.0,1.73
OB,OB/currencyservice_disk/2,/home/user/data/RE2/RE2-OB/currencyservice_disk/2,currencyservice,disk,2,5,0.35,0.4,a2_b5_pb0.35_ps0.4,200000,3100992425,396097,checkoutservice|currencyservice|emailservice|frontendservice|paymentservice|productcatalogservice|recommendationservice,7,9,True,currencyservice|productcatalogservice,1705692434,10,True,3,7,0,0.0011153188319377558,1.0,1.0,1.0,1.0,1.0,1.0,1.0,1.0,1.0,1.0,1.0,1.0,1.0,1.0,1.0,1.0,1.0,1.0,1.87
OB,OB/currencyservice_disk/3,/home/user/data/RE2/RE2-OB/currencyservice_disk/3,currencyservice,disk,2,5,0.35,0.4,a2_b5_pb0.35_ps0.4,200000,3006362189,403324,checkoutservice|currencyservice|emailservice|frontendservice|paymentservice|productcatalogservice|recommendationservice,7,9,True,currencyservice|productcatalogservice,1705694833,10,True,3,7,0,0.001115281233086525,1.0,1.0,1.0,1.0,1.0,1.0,1.0,1.0,1.0,1.0,1.0,1.0,1.0,1.0,1.0,1.0,1.0,1.0,2.58
OB,OB/currencyservice_loss/1,/home/user/data/RE2/RE2-OB/currencyservice_loss/1,currencyservice,loss,2,5,0.35,0.4,a2_b5_pb0.35_ps0.4,200000,2917141619,286200,checkoutservice|currencyservice|emailservice|frontendservice|paymentservice|productcatalogservice|recommendationservice,7,9,True,currencyservice|productcatalogservice,1705388941,10,True,1,7,0,0.0011154285427023105,1.0,1.0,1.0,1.0,1.0,1.0,1.0,1.0,1.0,1.0,1.0,1.0,1.0,1.0,1.0,1.0,1.0,1.0,1.46
OB,OB/currencyservice_loss/2,/home/user/data/RE2/RE2-OB/currencyservice_loss/2,currencyservice,loss,2,5,0.35,0.4,a2_b5_pb0.35_ps0.4,200000,2121848120,365309,checkoutservice|currencyservice|emailservice|frontendservice|paymentservice|productcatalogservice|recommendationservice,7,9,True,currencyservice|productcatalogservice,1705708871,10,True,1,7,0,0.001115500673240496,1.0,1.0,1.0,1.0,1.0,1.0,1.0,1.0,1.0,1.0,1.0,1.0,1.0,1.0,1.0,1.0,1.0,1.0,1.99
OB,OB/currencyservice_loss/3,/home/user/data/RE2/RE2-OB/currencyservice_loss/3,currencyservice,loss,2,5,0.35,0.4,a2_b5_pb0.35_ps0.4,200000,3800070217,354303,checkoutservice|currencyservice|emailservice|frontendservice|paymentservice|productcatalogservice|recommendationservice,7,9,True,currencyservice|productcatalogservice,1705711158,10,True,2,7,0,0.0011153970987948642,1.0,1.0,1.0,1.0,1.0,1.0,1.0,1.0,1.0,1.0,1.0,1.0,1.0,1.0,1.0,1.0,1.0,1.0,1.82
OB,OB/currencyservice_mem/1,/home/user/data/RE2/RE2-OB/currencyservice_mem/1,currencyservice,mem,2,5,0.35,0.4,a2_b5_pb0.35_ps0.4,200000,2466614405,379084,checkoutservice|currencyservice|emailservice|frontendservice|paymentservice|productcatalogservice|recommendationservice,7,9,True,currencyservice|productcatalogservice,1705464519,10,True,1,7,0,0.001115460557292368,1.0,1.0,1.0,1.0,1.0,1.0,1.0,1.0,1.0,1.0,1.0,1.0,1.0,1.0,1.0,1.0,1.0,1.0,1.81
OB,OB/currencyservice_mem/2,/home/user/data/RE2/RE2-OB/currencyservice_mem/2,currencyservice,mem,2,5,0.35,0.4,a2_b5_pb0.35_ps0.4,200000,592353461,387124,checkoutservice|currencyservice|emailservice|frontendservice|paymentservice|productcatalogservice|recommendationservice,7,9,True,currencyservice|productcatalogservice,1705749889,10,True,1,7,0,0.0011154147613668202,1.0,1.0,1.0,1.0,1.0,1.0,1.0,1.0,1.0,1.0,1.0,1.0,1.0,1.0,1.0,1.0,1.0,1.0,1.88
OB,OB/currencyservice_mem/3,/home/user/data/RE2/RE2-OB/currencyservice_mem/3,currencyservice,mem,2,5,0.35,0.4,a2_b5_pb0.35_ps0.4,200000,2340433303,385054,checkoutservice|currencyservice|emailservice|frontendservice|paymentservice|productcatalogservice|recommendationservice,7,9,True,currencyservice|productcatalogservice,1705690057,10,True,1,7,0,0.0011154483846754183,1.0,1.0,1.0,1.0,1.0,1.0,1.0,1.0,1.0,1.0,1.0,1.0,1.0,1.0,1.0,1.0,1.0,1.0,1.76
OB,OB/currencyservice_socket/1,/home/user/data/RE2/RE2-OB/currencyservice_socket/1,currencyservice,socket,2,5,0.35,0.4,a2_b5_pb0.35_ps0.4,200000,3533819976,406431,checkoutservice|currencyservice|emailservice|frontendservice|paymentservice|productcatalogservice|recommendationservice,7,9,True,currencyservice|productcatalogservice,1705479661,10,True,3,7,0,0.0011154285427023105,4.0,1.0,4.0,1.0,1.0,4.0,3.0,1.0,3.0,1.0,1.0,3.0,4.0,1.0,4.0,1.0,1.0,4.0,1.95
OB,OB/currencyservice_socket/2,/home/user/data/RE2/RE2-OB/currencyservice_socket/2,currencyservice,socket,2,5,0.35,0.4,a2_b5_pb0.35_ps0.4,200000,1762310645,399964,checkoutservice|currencyservice|emailservice|frontendservice|paymentservice|productcatalogservice|recommendationservice,7,9,True,currencyservice|productcatalogservice,1705697241,10,True,4,7,0,0.0011154139946674508,1.0,1.0,1.0,1.0,1.0,1.0,1.0,1.0,1.0,1.0,1.0,1.0,1.0,1.0,1.0,1.0,1.0,1.0,1.98
OB,OB/currencyservice_socket/3,/home/user/data/RE2/RE2-OB/currencyservice_socket/3,currencyservice,socket,2,5,0.35,0.4,a2_b5_pb0.35_ps0.4,200000,2308012654,398334,checkoutservice|currencyservice|emailservice|frontendservice|paymentservice|productcatalogservice|recommendationservice,7,9,True,currencyservice|productcatalogservice,1705699619,10,True,3,7,0,0.001115612495224036,1.0,1.0,1.0,1.0,1.0,1.0,1.0,1.0,1.0,1.0,1.0,1.0,1.0,1.0,1.0,1.0,1.0,1.0,1.96
OB,OB/emailservice_cpu/1,/home/user/data/RE2/RE2-OB/emailservice_cpu/1,emailservice,cpu,2,5,0.35,0.4,a2_b5_pb0.35_ps0.4,200000,2683678652,392420,checkoutservice|currencyservice|emailservice|frontendservice|paymentservice|productcatalogservice|recommendationservice,7,9,True,currencyservice|productcatalogservice,1705350165,10,True,1,7,0,0.0011153693334496873,4.0,1.0,4.0,1.0,1.0,4.0,3.0,1.0,3.0,1.0,1.0,3.0,4.0,1.0,4.0,1.0,1.0,4.0,2.08
OB,OB/emailservice_cpu/2,/home/user/data/RE2/RE2-OB/emailservice_cpu/2,emailservice,cpu,2,5,0.35,0.4,a2_b5_pb0.35_ps0.4,200000,363512954,410139,checkoutservice|currencyservice|emailservice|frontendservice|paymentservice|productcatalogservice|recommendationservice,7,9,True,currencyservice|productcatalogservice,1705592998,10,True,1,7,0,0.0011152504929386941,1.0,1.0,1.0,1.0,1.0,1.0,1.0,1.0,1.0,1.0,1.0,1.0,1.0,1.0,1.0,1.0,1.0,1.0,2.03
OB,OB/emailservice_cpu/3,/home/user/data/RE2/RE2-OB/emailservice_cpu/3,emailservice,cpu,2,5,0.35,0.4,a2_b5_pb0.35_ps0.4,200000,938577560,412741,checkoutservice|currencyservice|emailservice|frontendservice|paymentservice|productcatalogservice|recommendationservice,7,9,True,currencyservice|productcatalogservice,1705595469,10,True,1,7,0,0.0011153970987948642,1.0,1.0,1.0,1.0,1.0,1.0,1.0,1.0,1.0,1.0,1.0,1.0,1.0,1.0,1.0,1.0,1.0,1.0,2.05
OB,OB/emailservice_delay/1,/home/user/data/RE2/RE2-OB/emailservice_delay/1,emailservice,delay,2,5,0.35,0.4,a2_b5_pb0.35_ps0.4,200000,2711167132,406121,checkoutservice|currencyservice|emailservice|frontendservice|paymentservice|productcatalogservice|recommendationservice,7,9,True,currencyservice|productcatalogservice,1705733346,10,True,1,7,0,0.0011153855476358835,1.0,1.0,1.0,1.0,1.0,1.0,1.0,1.0,1.0,1.0,1.0,1.0,1.0,1.0,1.0,1.0,1.0,1.0,1.92
OB,OB/emailservice_delay/2,/home/user/data/RE2/RE2-OB/emailservice_delay/2,emailservice,delay,2,5,0.35,0.4,a2_b5_pb0.35_ps0.4,200000,1233968272,406019,checkoutservice|currencyservice|emailservice|frontendservice|paymentservice|productcatalogservice|recommendationservice,7,9,True,currencyservice|productcatalogservice,1705735702,10,True,1,7,0,0.0011153786047795608,1.0,1.0,1.0,1.0,1.0,1.0,1.0,1.0,1.0,1.0,1.0,1.0,1.0,1.0,1.0,1.0,1.0,1.0,2.12
OB,OB/emailservice_delay/3,/home/user/data/RE2/RE2-OB/emailservice_delay/3,emailservice,delay,2,5,0.35,0.4,a2_b5_pb0.35_ps0.4,200000,3117244926,407306,checkoutservice|currencyservice|emailservice|frontendservice|paymentservice|productcatalogservice|recommendationservice,7,9,True,currencyservice|productcatalogservice,1705738059,10,True,1,7,0,0.0011154597973481609,1.0,1.0,1.0,1.0,1.0,1.0,1.0,1.0,1.0,1.0,1.0,1.0,1.0,1.0,1.0,1.0,1.0,1.0,2.2
OB,OB/emailservice_disk/1,/home/user/data/RE2/RE2-OB/emailservice_disk/1,emailservice,disk,2,5,0.35,0.4,a2_b5_pb0.35_ps0.4,200000,2228714705,387034,checkoutservice|currencyservice|emailservice|frontendservice|paymentservice|productcatalogservice|recommendationservice,7,9,True,currencyservice|productcatalogservice,1705370095,10,True,1,7,0,0.0011154946382659129,2.0,2.0,2.0,1.0,2.0,1.5,1.0,1.0,1.0,1.0,1.0,1.0,2.0,2.0,2.0,1.0,2.0,1.5,1.75
OB,OB/emailservice_disk/2,/home/user/data/RE2/RE2-OB/emailservice_disk/2,emailservice,disk,2,5,0.35,0.4,a2_b5_pb0.35_ps0.4,200000,2940513594,409530,checkoutservice|currencyservice|emailservice|frontendservice|paymentservice|productcatalogservice|recommendationservice,7,9,True,currencyservice|productcatalogservice,1705602964,10,True,1,7,0,0.001115394790589861,1.0,1.0,1.0,1.0,1.0,1.0,1.0,1.0,1.0,1.0,1.0,1.0,1.0,1.0,1.0,1.0,1.0,1.0,2.09
OB,OB/emailservice_disk/3,/home/user/data/RE2/RE2-OB/emailservice_disk/3,emailservice,disk,2,5,0.35,0.4,a2_b5_pb0.35_ps0.4,200000,3831905937,369748,checkoutservice|currencyservice|emailservice|frontendservice|paymentservice|productcatalogservice|recommendationservice,7,9,True,currencyservice|productcatalogservice,1705719294,10,True,1,7,0,0.0011155539179595938,1.0,1.0,1.0,1.0,1.0,1.0,1.0,1.0,1.0,1.0,1.0,1.0,1.0,1.0,1.0,1.0,1.0,1.0,1.68
OB,OB/emailservice_loss/1,/home/user/data/RE2/RE2-OB/emailservice_loss/1,emailservice,loss,2,5,0.35,0.4,a2_b5_pb0.35_ps0.4,200000,244909464,386467,checkoutservice|currencyservice|emailservice|frontendservice|paymentservice|productcatalogservice|recommendationservice,7,9,True,currencyservice|productcatalogservice,1705351632,10,True,1,7,0,0.0011155322386645758,1.0,1.0,1.0,1.0,1.0,1.0,1.0,1.0,1.0,1.0,1.0,1.0,1.0,1.0,1.0,1.0,1.0,1.0,1.78
OB,OB/emailservice_loss/2,/home/user/data/RE2/RE2-OB/emailservice_loss/2,emailservice,loss,2,5,0.35,0.4,a2_b5_pb0.35_ps0.4,200000,598829751,410063,checkoutservice|currencyservice|emailservice|frontendservice|paymentservice|productcatalogservice|recommendationservice,7,9,True,currencyservice|productcatalogservice,1705740414,10,True,1,7,0,0.001115410926744041,1.0,1.0,1.0,1.0,1.0,1.0,1.0,1.0,1.0,1.0,1.0,1.0,1.0,1.0,1.0,1.0,1.0,1.0,2.2
OB,OB/emailservice_loss/3,/home/user/data/RE2/RE2-OB/emailservice_loss/3,emailservice,loss,2,5,0.35,0.4,a2_b5_pb0.35_ps0.4,200000,1346905979,402931,checkoutservice|currencyservice|emailservice|frontendservice|paymentservice|productcatalogservice|recommendationservice,7,9,True,currencyservice|productcatalogservice,1705742773,10,True,1,7,0,0.0011154863284124105,1.0,1.0,1.0,1.0,1.0,1.0,1.0,1.0,1.0,1.0,1.0,1.0,1.0,1.0,1.0,1.0,1.0,1.0,2.13
OB,OB/emailservice_mem/1,/home/user/data/RE2/RE2-OB/emailservice_mem/1,emailservice,mem,2,5,0.35,0.4,a2_b5_pb0.35_ps0.4,200000,2557053629,404657,checkoutservice|currencyservice|emailservice|frontendservice|paymentservice|productcatalogservice|recommendationservice,7,9,True,currencyservice|productcatalogservice,1705475505,10,True,1,7,0,0.001115547200032343,1.0,1.0,1.0,1.0,1.0,1.0,1.0,1.0,1.0,1.0,1.0,1.0,1.0,1.0,1.0,1.0,1.0,1.0,2.24
OB,OB/emailservice_mem/2,/home/user/data/RE2/RE2-OB/emailservice_mem/2,emailservice,mem,2,5,0.35,0.4,a2_b5_pb0.35_ps0.4,200000,2879915659,406048,checkoutservice|currencyservice|emailservice|frontendservice|paymentservice|productcatalogservice|recommendationservice,7,9,True,currencyservice|productcatalogservice,1705597985,10,True,1,7,0,0.0011153281911056494,1.0,1.0,1.0,1.0,1.0,1.0,1.0,1.0,1.0,1.0,1.0,1.0,1.0,1.0,1.0,1.0,1.0,1.0,2.17
OB,OB/emailservice_mem/3,/home/user/data/RE2/RE2-OB/emailservice_mem/3,emailservice,mem,2,5,0.35,0.4,a2_b5_pb0.35_ps0.4,200000,148427151,395523,checkoutservice|currencyservice|emailservice|frontendservice|paymentservice|productcatalogservice|recommendationservice,7,9,True,currencyservice|productcatalogservice,1705600502,10,True,1,7,0,0.0011152108318609535,1.0,1.0,1.0,1.0,1.0,1.0,1.0,1.0,1.0,1.0,1.0,1.0,1.0,1.0,1.0,1.0,1.0,1.0,1.95
OB,OB/emailservice_socket/1,/home/user/data/RE2/RE2-OB/emailservice_socket/1,emailservice,socket,2,5,0.35,0.4,a2_b5_pb0.35_ps0.4,200000,2007490062,408640,checkoutservice|currencyservice|emailservice|frontendservice|paymentservice|productcatalogservice|recommendationservice,7,9,True,currencyservice|productcatalogservice,1705726260,10,True,1,7,0,0.0011153188319377558,1.0,1.0,1.0,1.0,1.0,1.0,1.0,1.0,1.0,1.0,1.0,1.0,1.0,1.0,1.0,1.0,1.0,1.0,1.94
OB,OB/emailservice_socket/2,/home/user/data/RE2/RE2-OB/emailservice_socket/2,emailservice,socket,2,5,0.35,0.4,a2_b5_pb0.35_ps0.4,200000,4051423560,410667,checkoutservice|currencyservice|emailservice|frontendservice|paymentservice|productcatalogservice|recommendationservice,7,9,True,currencyservice|productcatalogservice,1705728625,10,True,1,7,0,0.0011152536536591126,2.0,2.0,2.0,1.0,2.0,1.5,1.0,1.0,1.0,1.0,1.0,1.0,2.0,2.0,2.0,1.0,2.0,1.5,2.5
OB,OB/emailservice_socket/3,/home/user/data/RE2/RE2-OB/emailservice_socket/3,emailservice,socket,2,5,0.35,0.4,a2_b5_pb0.35_ps0.4,200000,1510618877,406622,checkoutservice|currencyservice|emailservice|frontendservice|paymentservice|productcatalogservice|recommendationservice,7,9,True,currencyservice|productcatalogservice,1705730978,10,True,1,7,0,0.0011155209880925592,4.0,1.0,4.0,1.0,1.0,4.0,2.0,1.0,2.0,1.0,1.0,2.0,4.0,1.0,4.0,1.0,1.0,4.0,2.48
OB,OB/productcatalogservice_cpu/1,/home/user/data/RE2/RE2-OB/productcatalogservice_cpu/1,productcatalogservice,cpu,2,5,0.35,0.4,a2_b5_pb0.35_ps0.4,200000,3411122768,393266,checkoutservice|currencyservice|emailservice|frontendservice|paymentservice|productcatalogservice|recommendationservice,7,9,True,currencyservice|productcatalogservice,1705340542,10,True,1,7,0,0.0011155628610145644,2.0,1.0,2.0,1.0,1.0,2.0,1.0,1.0,1.0,1.0,1.0,1.0,2.0,1.0,2.0,1.0,1.0,2.0,2.09
OB,OB/productcatalogservice_cpu/2,/home/user/data/RE2/RE2-OB/productcatalogservice_cpu/2,productcatalogservice,cpu,2,5,0.35,0.4,a2_b5_pb0.35_ps0.4,200000,3874546800,400287,checkoutservice|currencyservice|emailservice|frontendservice|paymentservice|productcatalogservice|recommendationservice,7,9,True,currencyservice|productcatalogservice,1705486848,10,True,1,7,0,0.0011153047627778696,1.0,1.0,1.0,1.0,1.0,1.0,1.0,1.0,1.0,1.0,1.0,1.0,1.0,1.0,1.0,1.0,1.0,1.0,2.03
OB,OB/productcatalogservice_cpu/3,/home/user/data/RE2/RE2-OB/productcatalogservice_cpu/3,productcatalogservice,cpu,2,5,0.35,0.4,a2_b5_pb0.35_ps0.4,200000,2909576713,404922,checkoutservice|currencyservice|emailservice|frontendservice|paymentservice|productcatalogservice|recommendationservice,7,9,True,currencyservice|productcatalogservice,1705489222,10,True,1,7,0,0.0011154961476849661,1.0,1.0,1.0,1.0,1.0,1.0,1.0,1.0,1.0,1.0,1.0,1.0,1.0,1.0,1.0,1.0,1.0,1.0,1.98
OB,OB/productcatalogservice_delay/1,/home/user/data/RE2/RE2-OB/productcatalogservice_delay/1,productcatalogservice,delay,2,5,0.35,0.4,a2_b5_pb0.35_ps0.4,200000,439125199,365023,checkoutservice|currencyservice|emailservice|frontendservice|paymentservice|productcatalogservice|recommendationservice,7,9,True,currencyservice|productcatalogservice,1705394578,10,True,1,7,0,0.0011153071101719023,1.0,1.0,1.0,1.0,1.0,1.0,1.0,1.0,1.0,1.0,1.0,1.0,1.0,1.0,1.0,1.0,1.0,1.0,1.86
OB,OB/productcatalogservice_delay/2,/home/user/data/RE2/RE2-OB/productcatalogservice_delay/2,productcatalogservice,delay,2,5,0.35,0.4,a2_b5_pb0.35_ps0.4,200000,3890192988,364200,checkoutservice|currencyservice|emailservice|frontendservice|paymentservice|productcatalogservice|recommendationservice,7,9,True,currencyservice|productcatalogservice,1705514496,10,True,1,7,0,0.0011152275238152079,1.0,1.0,1.0,1.0,1.0,1.0,1.0,1.0,1.0,1.0,1.0,1.0,1.0,1.0,1.0,1.0,1.0,1.0,1.77
OB,OB/productcatalogservice_delay/3,/home/user/data/RE2/RE2-OB/productcatalogservice_delay/3,productcatalogservice,delay,2,5,0.35,0.4,a2_b5_pb0.35_ps0.4,200000,1712654418,365484,checkoutservice|currencyservice|emailservice|frontendservice|paymentservice|productcatalogservice|recommendationservice,7,9,True,currencyservice|productcatalogservice,1705516829,10,True,1,7,0,0.0011155494403543933,1.0,1.0,1.0,1.0,1.0,1.0,1.0,1.0,1.0,1.0,1.0,1.0,1.0,1.0,1.0,1.0,1.0,1.0,1.94
OB,OB/productcatalogservice_disk/1,/home/user/data/RE2/RE2-OB/productcatalogservice_disk/1,productcatalogservice,disk,2,5,0.35,0.4,a2_b5_pb0.35_ps0.4,200000,2390460718,383516,checkoutservice|currencyservice|emailservice|frontendservice|paymentservice|productcatalogservice|recommendationservice,7,9,True,currencyservice|productcatalogservice,1705360699,10,True,1,7,0,0.0011154795193099691,1.0,1.0,1.0,1.0,1.0,1.0,1.0,1.0,1.0,1.0,1.0,1.0,1.0,1.0,1.0,1.0,1.0,1.0,1.89
OB,OB/productcatalogservice_disk/2,/home/user/data/RE2/RE2-OB/productcatalogservice_disk/2,productcatalogservice,disk,2,5,0.35,0.4,a2_b5_pb0.35_ps0.4,200000,2929078153,402669,checkoutservice|currencyservice|emailservice|frontendservice|paymentservice|productcatalogservice|recommendationservice,7,9,True,currencyservice|productcatalogservice,1705496111,10,True,1,7,0,0.001115500673240496,1.0,1.0,1.0,1.0,1.0,1.0,1.0,1.0,1.0,1.0,1.0,1.0,1.0,1.0,1.0,1.0,1.0,1.0,2.11
OB,OB/productcatalogservice_disk/3,/home/user/data/RE2/RE2-OB/productcatalogservice_disk/3,productcatalogservice,disk,2,5,0.35,0.4,a2_b5_pb0.35_ps0.4,200000,3194542401,399976,checkoutservice|currencyservice|emailservice|frontendservice|paymentservice|productcatalogservice|recommendationservice,7,9,True,currencyservice|productcatalogservice,1708472972,10,True,1,7,0,0.0011154855722957603,1.0,1.0,1.0,1.0,1.0,1.0,1.0,1.0,1.0,1.0,1.0,1.0,1.0,1.0,1.0,1.0,1.0,1.0,1.99
OB,OB/productcatalogservice_loss/1,/home/user/data/RE2/RE2-OB/productcatalogservice_loss/1,productcatalogservice,loss,2,5,0.35,0.4,a2_b5_pb0.35_ps0.4,200000,380263706,254889,checkoutservice|currencyservice|emailservice|frontendservice|paymentservice|productcatalogservice|recommendationservice,7,9,True,currencyservice|productcatalogservice,1705342830,10,True,1,7,0,0.0011154323643771504,1.0,1.0,1.0,1.0,1.0,1.0,1.0,1.0,1.0,1.0,1.0,1.0,1.0,1.0,1.0,1.0,1.0,1.0,1.27
OB,OB/productcatalogservice_loss/2,/home/user/data/RE2/RE2-OB/productcatalogservice_loss/2,productcatalogservice,loss,2,5,0.35,0.4,a2_b5_pb0.35_ps0.4,200000,3747044763,260357,checkoutservice|currencyservice|emailservice|frontendservice|paymentservice|productcatalogservice|recommendationservice,7,9,True,currencyservice|productcatalogservice,1705519114,10,True,1,7,0,0.0011153662394030044,1.0,1.0,1.0,1.0,1.0,1.0,1.0,1.0,1.0,1.0,1.0,1.0,1.0,1.0,1.0,1.0,1.0,1.0,1.19
OB,OB/productcatalogservice_loss/3,/home/user/data/RE2/RE2-OB/productcatalogservice_loss/3,productcatalogservice,loss,2,5,0.35,0.4,a2_b5_pb0.35_ps0.4,200000,1476818950,333739,checkoutservice|currencyservice|emailservice|frontendservice|paymentservice|productcatalogservice|recommendationservice,7,9,True,currencyservice|productcatalogservice,1705717097,10,True,2,7,0,0.0011154155279535962,1.0,1.0,1.0,1.0,1.0,1.0,1.0,1.0,1.0,1.0,1.0,1.0,1.0,1.0,1.0,1.0,1.0,1.0,1.71
OB,OB/productcatalogservice_mem/1,/home/user/data/RE2/RE2-OB/productcatalogservice_mem/1,productcatalogservice,mem,2,5,0.35,0.4,a2_b5_pb0.35_ps0.4,200000,3459566282,317085,checkoutservice|currencyservice|emailservice|frontendservice|paymentservice|productcatalogservice|recommendationservice,7,9,True,currencyservice|productcatalogservice,1705357616,10,True,1,7,0,0.0011155352345399046,1.0,1.0,1.0,1.0,1.0,1.0,1.0,1.0,1.0,1.0,1.0,1.0,1.0,1.0,1.0,1.0,1.0,1.0,1.56
OB,OB/productcatalogservice_mem/2,/home/user/data/RE2/RE2-OB/productcatalogservice_mem/2,productcatalogservice,mem,2,5,0.35,0.4,a2_b5_pb0.35_ps0.4,200000,1193457253,320661,checkoutservice|currencyservice|emailservice|frontendservice|paymentservice|productcatalogservice|recommendationservice,7,9,True,currencyservice|productcatalogservice,1705491651,10,True,2,7,0,0.0011153863185013521,1.0,1.0,1.0,1.0,1.0,1.0,1.0,1.0,1.0,1.0,1.0,1.0,1.0,1.0,1.0,1.0,1.0,1.0,1.47
OB,OB/productcatalogservice_mem/3,/home/user/data/RE2/RE2-OB/productcatalogservice_mem/3,productcatalogservice,mem,2,5,0.35,0.4,a2_b5_pb0.35_ps0.4,200000,4116826872,276103,checkoutservice|currencyservice|emailservice|frontendservice|paymentservice|productcatalogservice|recommendationservice,7,9,True,currencyservice|productcatalogservice,1705493908,10,True,2,7,0,0.0011153110202427841,1.0,1.0,1.0,1.0,1.0,1.0,1.0,1.0,1.0,1.0,1.0,1.0,1.0,1.0,1.0,1.0,1.0,1.0,1.35
OB,OB/productcatalogservice_socket/1,/home/user/data/RE2/RE2-OB/productcatalogservice_socket/1,productcatalogservice,socket,2,5,0.35,0.4,a2_b5_pb0.35_ps0.4,200000,4057901562,383626,checkoutservice|currencyservice|emailservice|frontendservice|paymentservice|productcatalogservice|recommendationservice,7,9,True,currencyservice|productcatalogservice,1705392233,10,True,1,7,0,0.001115309456552306,1.0,1.0,1.0,1.0,1.0,1.0,1.0,1.0,1.0,1.0,1.0,1.0,1.0,1.0,1.0,1.0,1.0,1.0,2.23
OB,OB/productcatalogservice_socket/2,/home/user/data/RE2/RE2-OB/productcatalogservice_socket/2,productcatalogservice,socket,2,5,0.35,0.4,a2_b5_pb0.35_ps0.4,200000,3285375138,402531,checkoutservice|currencyservice|emailservice|frontendservice|paymentservice|productcatalogservice|recommendationservice,7,9,True,currencyservice|productcatalogservice,1705509677,10,True,1,7,0,0.0011153258528340496,1.0,1.0,1.0,1.0,1.0,1.0,1.0,1.0,1.0,1.0,1.0,1.0,1.0,1.0,1.0,1.0,1.0,1.0,2.09
OB,OB/productcatalogservice_socket/3,/home/user/data/RE2/RE2-OB/productcatalogservice_socket/3,productcatalogservice,socket,2,5,0.35,0.4,a2_b5_pb0.35_ps0.4,200000,4080092579,407531,checkoutservice|currencyservice|emailservice|frontendservice|paymentservice|productcatalogservice|recommendationservice,7,9,True,currencyservice|productcatalogservice,1705512067,10,True,1,7,0,0.0011153970987948642,1.0,1.0,1.0,1.0,1.0,1.0,1.0,1.0,1.0,1.0,1.0,1.0,1.0,1.0,1.0,1.0,1.0,1.0,2.01
OB,OB/recommendationservice_cpu/1,/home/user/data/RE2/RE2-OB/recommendationservice_cpu/1,recommendationservice,cpu,2,5,0.35,0.4,a2_b5_pb0.35_ps0.4,200000,876645487,391057,checkoutservice|currencyservice|emailservice|frontendservice|paymentservice|productcatalogservice|recommendationservice,7,9,True,currencyservice|productcatalogservice,1705345765,10,True,1,7,0,0.0011154795193099691,1.0,1.0,1.0,1.0,1.0,1.0,1.0,1.0,1.0,1.0,1.0,1.0,1.0,1.0,1.0,1.0,1.0,1.0,1.86
OB,OB/recommendationservice_cpu/2,/home/user/data/RE2/RE2-OB/recommendationservice_cpu/2,recommendationservice,cpu,2,5,0.35,0.4,a2_b5_pb0.35_ps0.4,200000,2425236013,406293,checkoutservice|currencyservice|emailservice|frontendservice|paymentservice|productcatalogservice|recommendationservice,7,9,True,currencyservice|productcatalogservice,1705525832,10,True,1,7,0,0.001115444574822075,1.0,1.0,1.0,1.0,1.0,1.0,1.0,1.0,1.0,1.0,1.0,1.0,1.0,1.0,1.0,1.0,1.0,1.0,2.18
OB,OB/recommendationservice_cpu/3,/home/user/data/RE2/RE2-OB/recommendationservice_cpu/3,recommendationservice,cpu,2,5,0.35,0.4,a2_b5_pb0.35_ps0.4,200000,463710460,410295,checkoutservice|currencyservice|emailservice|frontendservice|paymentservice|productcatalogservice|recommendationservice,7,9,True,currencyservice|productcatalogservice,1705528257,10,True,1,7,0,0.0011153203929252797,1.0,1.0,1.0,1.0,1.0,1.0,1.0,1.0,1.0,1.0,1.0,1.0,1.0,1.0,1.0,1.0,1.0,1.0,1.94
OB,OB/recommendationservice_delay/1,/home/user/data/RE2/RE2-OB/recommendationservice_delay/1,recommendationservice,delay,2,5,0.35,0.4,a2_b5_pb0.35_ps0.4,200000,3130796968,393688,checkoutservice|currencyservice|emailservice|frontendservice|paymentservice|productcatalogservice|recommendationservice,7,9,True,currencyservice|productcatalogservice,1705400377,10,True,1,7,0,0.0011155187349390417,1.0,1.0,1.0,1.0,1.0,1.0,1.0,1.0,1.0,1.0,1.0,1.0,1.0,1.0,1.0,1.0,1.0,1.0,1.79
OB,OB/recommendationservice_delay/2,/home/user/data/RE2/RE2-OB/recommendationservice_delay/2,recommendationservice,delay,2,5,0.35,0.4,a2_b5_pb0.35_ps0.4,200000,1226392413,396200,checkoutservice|currencyservice|emailservice|frontendservice|paymentservice|productcatalogservice|recommendationservice,7,9,True,currencyservice|productcatalogservice,1705545315,10,True,1,7,0,0.001115216401365672,2.0,1.0,2.0,1.0,1.0,2.0,1.0,1.0,1.0,1.0,1.0,1.0,2.0,1.0,2.0,1.0,1.0,2.0,1.99
OB,OB/recommendationservice_delay/3,/home/user/data/RE2/RE2-OB/recommendationservice_delay/3,recommendationservice,delay,2,5,0.35,0.4,a2_b5_pb0.35_ps0.4,200000,3448376074,396781,checkoutservice|currencyservice|emailservice|frontendservice|paymentservice|productcatalogservice|recommendationservice,7,9,True,currencyservice|productcatalogservice,1705547762,10,True,1,7,0,0.0011157210649956379,2.0,1.0,2.0,1.0,1.0,2.0,1.0,1.0,1.0,1.0,1.0,1.0,2.0,1.0,2.0,1.0,1.0,2.0,1.94
OB,OB/recommendationservice_disk/1,/home/user/data/RE2/RE2-OB/recommendationservice_disk/1,recommendationservice,disk,2,5,0.35,0.4,a2_b5_pb0.35_ps0.4,200000,1019949892,391177,checkoutservice|currencyservice|emailservice|frontendservice|paymentservice|productcatalogservice|recommendationservice,7,9,True,currencyservice|productcatalogservice,1705366522,10,True,1,7,0,0.0011154780049377935,5.0,2.0,5.0,1.0,2.0,4.5,2.0,1.0,2.0,1.0,1.0,2.0,5.0,2.0,5.0,1.0,2.0,4.5,1.99
OB,OB/recommendationservice_disk/2,/home/user/data/RE2/RE2-OB/recommendationservice_disk/2,recommendationservice,disk,2,5,0.35,0.4,a2_b5_pb0.35_ps0.4,200000,1892091475,404057,checkoutservice|currencyservice|emailservice|frontendservice|paymentservice|productcatalogservice|recommendationservice,7,9,True,currencyservice|productcatalogservice,1705535461,10,True,1,7,0,0.0011155404729883177,2.0,1.0,2.0,1.0,1.0,2.0,1.0,1.0,1.0,1.0,1.0,1.0,2.0,1.0,2.0,1.0,1.0,2.0,1.98
OB,OB/recommendationservice_disk/3,/home/user/data/RE2/RE2-OB/recommendationservice_disk/3,recommendationservice,disk,2,5,0.35,0.4,a2_b5_pb0.35_ps0.4,200000,2189711354,409575,checkoutservice|currencyservice|emailservice|frontendservice|paymentservice|productcatalogservice|recommendationservice,7,9,True,currencyservice|productcatalogservice,1705537934,10,True,1,7,0,0.0011156928887467196,1.0,1.0,1.0,1.0,1.0,1.0,1.0,1.0,1.0,1.0,1.0,1.0,1.0,1.0,1.0,1.0,1.0,1.0,1.98
OB,OB/recommendationservice_loss/1,/home/user/data/RE2/RE2-OB/recommendationservice_loss/1,recommendationservice,loss,2,5,0.35,0.4,a2_b5_pb0.35_ps0.4,200000,1390223087,299508,checkoutservice|currencyservice|emailservice|frontendservice|paymentservice|productcatalogservice|recommendationservice,7,9,True,currencyservice|productcatalogservice,1705347231,10,True,1,7,0,0.0011152283174310092,1.0,1.0,1.0,1.0,1.0,1.0,1.0,1.0,1.0,1.0,1.0,1.0,1.0,1.0,1.0,1.0,1.0,1.0,1.44
OB,OB/recommendationservice_loss/2,/home/user/data/RE2/RE2-OB/recommendationservice_loss/2,recommendationservice,loss,2,5,0.35,0.4,a2_b5_pb0.35_ps0.4,200000,2952494997,370911,checkoutservice|currencyservice|emailservice|frontendservice|paymentservice|productcatalogservice|recommendationservice,7,9,True,currencyservice|productcatalogservice,1705583459,10,True,1,7,0,0.0011154468610718308,1.0,1.0,1.0,1.0,1.0,1.0,1.0,1.0,1.0,1.0,1.0,1.0,1.0,1.0,1.0,1.0,1.0,1.0,1.72
OB,OB/recommendationservice_loss/3,/home/user/data/RE2/RE2-OB/recommendationservice_loss/3,recommendationservice,loss,2,5,0.35,0.4,a2_b5_pb0.35_ps0.4,200000,1198483635,363896,checkoutservice|currencyservice|emailservice|frontendservice|paymentservice|productcatalogservice|recommendationservice,7,9,True,currencyservice|productcatalogservice,1705757332,10,True,1,7,0,0.0011155732740949832,2.0,1.0,2.0,1.0,1.0,2.0,1.0,1.0,1.0,1.0,1.0,1.0,2.0,1.0,2.0,1.0,1.0,2.0,1.81
OB,OB/recommendationservice_mem/1,/home/user/data/RE2/RE2-OB/recommendationservice_mem/1,recommendationservice,mem,2,5,0.35,0.4,a2_b5_pb0.35_ps0.4,200000,2427488669,398876,checkoutservice|currencyservice|emailservice|frontendservice|paymentservice|productcatalogservice|recommendationservice,7,9,True,currencyservice|productcatalogservice,1705458232,10,True,1,7,0,0.001115541968674868,1.0,1.0,1.0,1.0,1.0,1.0,1.0,1.0,1.0,1.0,1.0,1.0,1.0,1.0,1.0,1.0,1.0,1.0,1.96
OB,OB/recommendationservice_mem/2,/home/user/data/RE2/RE2-OB/recommendationservice_mem/2,recommendationservice,mem,2,5,0.35,0.4,a2_b5_pb0.35_ps0.4,200000,2792673461,395021,checkoutservice|currencyservice|emailservice|frontendservice|paymentservice|productcatalogservice|recommendationservice,7,9,True,currencyservice|productcatalogservice,1705530692,10,True,1,7,0,0.0011153453074608777,2.0,1.0,2.0,1.0,1.0,2.0,1.0,1.0,1.0,1.0,1.0,1.0,2.0,1.0,2.0,1.0,1.0,2.0,1.92
OB,OB/recommendationservice_mem/3,/home/user/data/RE2/RE2-OB/recommendationservice_mem/3,recommendationservice,mem,2,5,0.35,0.4,a2_b5_pb0.35_ps0.4,200000,2230953246,394497,checkoutservice|currencyservice|emailservice|frontendservice|paymentservice|productcatalogservice|recommendationservice,7,9,True,currencyservice|productcatalogservice,1705533073,10,True,1,7,0,0.0011152052568361573,1.0,1.0,1.0,1.0,1.0,1.0,1.0,1.0,1.0,1.0,1.0,1.0,1.0,1.0,1.0,1.0,1.0,1.0,1.92
OB,OB/recommendationservice_socket/1,/home/user/data/RE2/RE2-OB/recommendationservice_socket/1,recommendationservice,socket,2,5,0.35,0.4,a2_b5_pb0.35_ps0.4,200000,1668934425,303835,checkoutservice|currencyservice|emailservice|frontendservice|paymentservice|productcatalogservice|recommendationservice,7,9,True,currencyservice|productcatalogservice,1705398242,10,True,1,7,0,0.0011153708797973882,1.0,1.0,1.0,1.0,1.0,1.0,1.0,1.0,1.0,1.0,1.0,1.0,1.0,1.0,1.0,1.0,1.0,1.0,1.46
OB,OB/recommendationservice_socket/2,/home/user/data/RE2/RE2-OB/recommendationservice_socket/2,recommendationservice,socket,2,5,0.35,0.4,a2_b5_pb0.35_ps0.4,200000,4075423476,407700,checkoutservice|currencyservice|emailservice|frontendservice|paymentservice|productcatalogservice|recommendationservice,7,9,True,currencyservice|productcatalogservice,1705540396,10,True,1,7,0,0.0011154628364495162,1.0,1.0,1.0,1.0,1.0,1.0,1.0,1.0,1.0,1.0,1.0,1.0,1.0,1.0,1.0,1.0,1.0,1.0,2.06
OB,OB/recommendationservice_socket/3,/home/user/data/RE2/RE2-OB/recommendationservice_socket/3,recommendationservice,socket,2,5,0.35,0.4,a2_b5_pb0.35_ps0.4,200000,248861385,406913,checkoutservice|currencyservice|emailservice|frontendservice|paymentservice|productcatalogservice|recommendationservice,7,9,True,currencyservice|productcatalogservice,1705542843,10,True,1,7,0,0.0011153390896382139,2.0,1.0,2.0,1.0,1.0,2.0,2.0,1.0,2.0,1.0,1.0,2.0,2.0,1.0,2.0,1.0,1.0,2.0,2.1
TT,TT/ts-auth-service_cpu/1,/home/user/data/RE2/RE2-TT/ts-auth-service_cpu/1,ts-auth-service,cpu,2,5,0.35,0.4,a2_b5_pb0.35_ps0.4,200000,3880190491,1143435,ts-admin-basic-info-service|ts-admin-travel-service|ts-assurance-service|ts-auth-service|ts-basic-service|ts-config-service|ts-consign-price-service|ts-consign-service|ts-contacts-service|ts-food-map-service|ts-food-service|ts-inside-payment-service|ts-order-other-service|ts-order-service|ts-payment-service|ts-preserve-other-service|ts-preserve-service|ts-price-service|ts-route-service|ts-seat-service|ts-security-service|ts-station-service|ts-ticketinfo-service|ts-train-service|ts-travel-service|ts-travel2-service|ts-user-service,26,55,False,ts-assurance-service|ts-config-service|ts-contacts-service|ts-food-service|ts-order-other-service|ts-order-service|ts-price-service|ts-route-service|ts-seat-service|ts-security-service|ts-station-service|ts-ticketinfo-service|ts-train-service|ts-travel-service|ts-travel2-service|ts-user-service,1705918105,28,False,1,24,1,0.001117275041339419,,,,,,,,,,,,,,,,,,,7.03
TT,TT/ts-auth-service_cpu/2,/home/user/data/RE2/RE2-TT/ts-auth-service_cpu/2,ts-auth-service,cpu,2,5,0.35,0.4,a2_b5_pb0.35_ps0.4,200000,3247360833,838936,ts-admin-basic-info-service|ts-admin-travel-service|ts-assurance-service|ts-auth-service|ts-basic-service|ts-config-service|ts-consign-price-service|ts-consign-service|ts-contacts-service|ts-food-map-service|ts-food-service|ts-inside-payment-service|ts-order-other-service|ts-order-service|ts-payment-service|ts-preserve-other-service|ts-preserve-service|ts-price-service|ts-route-service|ts-seat-service|ts-security-service|ts-station-service|ts-ticketinfo-service|ts-train-service|ts-travel-service|ts-travel2-service|ts-user-service,26,55,False,ts-assurance-service|ts-config-service|ts-contacts-service|ts-food-service|ts-order-other-service|ts-order-service|ts-price-service|ts-route-service|ts-seat-service|ts-security-service|ts-station-service|ts-ticketinfo-service|ts-train-service|ts-travel-service|ts-travel2-service|ts-user-service,1706023611,28,False,1,24,1,0.0011172934752673534,,,,,,,,,,,,,,,,,,,5.74
TT,TT/ts-auth-service_cpu/3,/home/user/data/RE2/RE2-TT/ts-auth-service_cpu/3,ts-auth-service,cpu,2,5,0.35,0.4,a2_b5_pb0.35_ps0.4,200000,3271172992,898363,ts-admin-basic-info-service|ts-admin-travel-service|ts-assurance-service|ts-auth-service|ts-basic-service|ts-config-service|ts-consign-price-service|ts-consign-service|ts-contacts-service|ts-food-map-service|ts-food-service|ts-inside-payment-service|ts-order-other-service|ts-order-service|ts-payment-service|ts-preserve-other-service|ts-preserve-service|ts-price-service|ts-route-service|ts-seat-service|ts-security-service|ts-station-service|ts-ticketinfo-service|ts-train-service|ts-travel-service|ts-travel2-service|ts-user-service,26,55,False,ts-assurance-service|ts-config-service|ts-contacts-service|ts-food-service|ts-order-other-service|ts-order-service|ts-price-service|ts-route-service|ts-seat-service|ts-security-service|ts-station-service|ts-ticketinfo-service|ts-train-service|ts-travel-service|ts-travel2-service|ts-user-service,1706025155,28,False,1,24,1,0.0011173695780157073,,,,,,,,,,,,,,,,,,,5.99
TT,TT/ts-auth-service_delay/1,/home/user/data/RE2/RE2-TT/ts-auth-service_delay/1,ts-auth-service,delay,2,5,0.35,0.4,a2_b5_pb0.35_ps0.4,200000,3866981178,1153677,ts-admin-basic-info-service|ts-admin-travel-service|ts-assurance-service|ts-auth-service|ts-basic-service|ts-config-service|ts-consign-price-service|ts-consign-service|ts-contacts-service|ts-food-map-service|ts-food-service|ts-inside-payment-service|ts-order-other-service|ts-order-service|ts-payment-service|ts-preserve-other-service|ts-preserve-service|ts-price-service|ts-route-service|ts-seat-service|ts-security-service|ts-station-service|ts-ticketinfo-service|ts-train-service|ts-travel-service|ts-travel2-service|ts-user-service,26,55,False,ts-assurance-service|ts-config-service|ts-contacts-service|ts-food-service|ts-order-other-service|ts-order-service|ts-price-service|ts-route-service|ts-seat-service|ts-security-service|ts-station-service|ts-ticketinfo-service|ts-train-service|ts-travel-service|ts-travel2-service|ts-user-service,1705921865,28,False,1,24,1,0.0011172938823335605,,,,,,,,,,,,,,,,,,,7.37
TT,TT/ts-auth-service_delay/2,/home/user/data/RE2/RE2-TT/ts-auth-service_delay/2,ts-auth-service,delay,2,5,0.35,0.4,a2_b5_pb0.35_ps0.4,200000,779757063,653768,ts-admin-basic-info-service|ts-admin-travel-service|ts-assurance-service|ts-auth-service|ts-basic-service|ts-config-service|ts-consign-price-service|ts-consign-service|ts-contacts-service|ts-food-map-service|ts-food-service|ts-inside-payment-service|ts-order-other-service|ts-order-service|ts-payment-service|ts-preserve-other-service|ts-preserve-service|ts-price-service|ts-route-service|ts-seat-service|ts-security-service|ts-station-service|ts-ticketinfo-service|ts-train-service|ts-travel-service|ts-travel2-service|ts-user-service,26,55,False,ts-assurance-service|ts-config-service|ts-contacts-service|ts-food-service|ts-order-other-service|ts-order-service|ts-price-service|ts-route-service|ts-seat-service|ts-security-service|ts-station-service|ts-ticketinfo-service|ts-train-service|ts-travel-service|ts-travel2-service|ts-user-service,1706043049,28,False,1,24,1,0.0011174109447736763,,,,,,,,,,,,,,,,,,,4.56
TT,TT/ts-auth-service_delay/3,/home/user/data/RE2/RE2-TT/ts-auth-service_delay/3,ts-auth-service,delay,2,5,0.35,0.4,a2_b5_pb0.35_ps0.4,200000,712258434,671979,ts-admin-basic-info-service|ts-admin-travel-service|ts-assurance-service|ts-auth-service|ts-basic-service|ts-config-service|ts-consign-price-service|ts-consign-service|ts-contacts-service|ts-food-map-service|ts-food-service|ts-inside-payment-service|ts-order-other-service|ts-order-service|ts-payment-service|ts-preserve-other-service|ts-preserve-service|ts-price-service|ts-route-service|ts-seat-service|ts-security-service|ts-station-service|ts-ticketinfo-service|ts-train-service|ts-travel-service|ts-travel2-service|ts-user-service,26,55,False,ts-assurance-service|ts-config-service|ts-contacts-service|ts-food-service|ts-order-other-service|ts-order-service|ts-price-service|ts-route-service|ts-seat-service|ts-security-service|ts-station-service|ts-ticketinfo-service|ts-train-service|ts-travel-service|ts-travel2-service|ts-user-service,1708817505,28,False,1,24,1,0.0011173116823429351,,,,,,,,,,,,,,,,,,,4.65
TT,TT/ts-auth-service_disk/1,/home/user/data/RE2/RE2-TT/ts-auth-service_disk/1,ts-auth-service,disk,2,5,0.35,0.4,a2_b5_pb0.35_ps0.4,200000,2002402204,691762,ts-admin-basic-info-service|ts-admin-travel-service|ts-assurance-service|ts-auth-service|ts-basic-service|ts-config-service|ts-consign-price-service|ts-consign-service|ts-contacts-service|ts-food-map-service|ts-food-service|ts-inside-payment-service|ts-order-other-service|ts-order-service|ts-payment-service|ts-preserve-other-service|ts-preserve-service|ts-price-service|ts-route-service|ts-seat-service|ts-security-service|ts-station-service|ts-ticketinfo-service|ts-train-service|ts-travel-service|ts-travel2-service|ts-user-service,26,55,False,ts-assurance-service|ts-config-service|ts-contacts-service|ts-food-service|ts-order-other-service|ts-order-service|ts-price-service|ts-route-service|ts-seat-service|ts-security-service|ts-station-service|ts-ticketinfo-service|ts-train-service|ts-travel-service|ts-travel2-service|ts-user-service,1705980016,28,False,2,24,1,0.0011173268805501817,,,,,,,,,,,,,,,,,,,5.02
TT,TT/ts-auth-service_disk/2,/home/user/data/RE2/RE2-TT/ts-auth-service_disk/2,ts-auth-service,disk,2,5,0.35,0.4,a2_b5_pb0.35_ps0.4,200000,3579593689,651369,ts-admin-basic-info-service|ts-admin-travel-service|ts-assurance-service|ts-auth-service|ts-basic-service|ts-config-service|ts-consign-price-service|ts-consign-service|ts-contacts-service|ts-food-map-service|ts-food-service|ts-inside-payment-service|ts-order-other-service|ts-order-service|ts-payment-service|ts-preserve-other-service|ts-preserve-service|ts-price-service|ts-route-service|ts-seat-service|ts-security-service|ts-station-service|ts-ticketinfo-service|ts-train-service|ts-travel-service|ts-travel2-service|ts-user-service,26,55,False,ts-assurance-service|ts-config-service|ts-contacts-service|ts-food-service|ts-order-other-service|ts-order-service|ts-price-service|ts-route-service|ts-seat-service|ts-security-service|ts-station-service|ts-ticketinfo-service|ts-train-service|ts-travel-service|ts-travel2-service|ts-user-service,1706031906,28,False,1,24,1,0.00111736842066527,,,,,,,,,,,,,,,,,,,4.46
TT,TT/ts-auth-service_disk/3,/home/user/data/RE2/RE2-TT/ts-auth-service_disk/3,ts-auth-service,disk,2,5,0.35,0.4,a2_b5_pb0.35_ps0.4,200000,1549394284,748981,ts-admin-basic-info-service|ts-admin-travel-service|ts-assurance-service|ts-auth-service|ts-basic-service|ts-config-service|ts-consign-price-service|ts-consign-service|ts-contacts-service|ts-food-map-service|ts-food-service|ts-inside-payment-service|ts-order-other-service|ts-order-service|ts-payment-service|ts-preserve-other-service|ts-preserve-service|ts-price-service|ts-route-service|ts-seat-service|ts-security-service|ts-station-service|ts-ticketinfo-service|ts-train-service|ts-travel-service|ts-travel2-service|ts-user-service,26,55,False,ts-assurance-service|ts-config-service|ts-contacts-service|ts-food-service|ts-order-other-service|ts-order-service|ts-price-service|ts-route-service|ts-seat-service|ts-security-service|ts-station-service|ts-ticketinfo-service|ts-train-service|ts-travel-service|ts-travel2-service|ts-user-service,1706033453,28,False,1,24,1,0.0011173160984587127,,,,,,,,,,,,,,,,,,,5.41
TT,TT/ts-auth-service_loss/1,/home/user/data/RE2/RE2-TT/ts-auth-service_loss/1,ts-auth-service,loss,2,5,0.35,0.4,a2_b5_pb0.35_ps0.4,200000,513579932,961039,ts-admin-basic-info-service|ts-admin-travel-service|ts-assurance-service|ts-auth-service|ts-basic-service|ts-config-service|ts-consign-price-service|ts-consign-service|ts-contacts-service|ts-food-map-service|ts-food-service|ts-inside-payment-service|ts-order-other-service|ts-order-service|ts-payment-service|ts-preserve-other-service|ts-preserve-service|ts-price-service|ts-route-service|ts-seat-service|ts-security-service|ts-station-service|ts-ticketinfo-service|ts-train-service|ts-travel-service|ts-travel2-service|ts-user-service,26,55,False,ts-assurance-service|ts-config-service|ts-contacts-service|ts-food-service|ts-order-other-service|ts-order-service|ts-price-service|ts-route-service|ts-seat-service|ts-security-service|ts-station-service|ts-ticketinfo-service|ts-train-service|ts-travel-service|ts-travel2-service|ts-user-service,1705983003,28,False,5,24,1,0.0011174411877141455,,,,,,,,,,,,,,,,,,,6.66
TT,TT/ts-auth-service_loss/2,/home/user/data/RE2/RE2-TT/ts-auth-service_loss/2,ts-auth-service,loss,2,5,0.35,0.4,a2_b5_pb0.35_ps0.4,200000,679155687,773775,ts-admin-basic-info-service|ts-admin-travel-service|ts-assurance-service|ts-auth-service|ts-basic-service|ts-config-service|ts-consign-price-service|ts-consign-service|ts-contacts-service|ts-food-map-service|ts-food-service|ts-inside-payment-service|ts-order-other-service|ts-order-service|ts-payment-service|ts-preserve-other-service|ts-preserve-service|ts-price-service|ts-route-service|ts-seat-service|ts-security-service|ts-station-service|ts-ticketinfo-service|ts-train-service|ts-travel-service|ts-travel2-service|ts-user-service,26,55,False,ts-assurance-service|ts-config-service|ts-contacts-service|ts-food-service|ts-order-other-service|ts-order-service|ts-price-service|ts-route-service|ts-seat-service|ts-security-service|ts-station-service|ts-ticketinfo-service|ts-train-service|ts-travel-service|ts-travel2-service|ts-user-service,1706044594,28,False,2,24,1,0.0011173890987476117,,,,,,,,,,,,,,,,,,,5.56
TT,TT/ts-auth-service_loss/3,/home/user/data/RE2/RE2-TT/ts-auth-service_loss/3,ts-auth-service,loss,2,5,0.35,0.4,a2_b5_pb0.35_ps0.4,200000,615721733,616100,ts-admin-basic-info-service|ts-admin-travel-service|ts-assurance-service|ts-auth-service|ts-basic-service|ts-config-service|ts-consign-price-service|ts-consign-service|ts-contacts-service|ts-food-map-service|ts-food-service|ts-inside-payment-service|ts-order-other-service|ts-order-service|ts-payment-service|ts-preserve-other-service|ts-preserve-service|ts-price-service|ts-route-service|ts-seat-service|ts-security-service|ts-station-service|ts-ticketinfo-service|ts-train-service|ts-travel-service|ts-travel2-service|ts-user-service,26,55,False,ts-assurance-service|ts-config-service|ts-contacts-service|ts-food-service|ts-order-other-service|ts-order-service|ts-price-service|ts-route-service|ts-seat-service|ts-security-service|ts-station-service|ts-ticketinfo-service|ts-train-service|ts-travel-service|ts-travel2-service|ts-user-service,1706046142,28,False,4,24,1,0.001117415417604393,,,,,,,,,,,,,,,,,,,4.3
TT,TT/ts-auth-service_mem/1,/home/user/data/RE2/RE2-TT/ts-auth-service_mem/1,ts-auth-service,mem,2,5,0.35,0.4,a2_b5_pb0.35_ps0.4,200000,3593285192,1088958,ts-admin-basic-info-service|ts-admin-travel-service|ts-assurance-service|ts-auth-service|ts-basic-service|ts-config-service|ts-consign-price-service|ts-consign-service|ts-contacts-service|ts-food-map-service|ts-food-service|ts-inside-payment-service|ts-order-other-service|ts-order-service|ts-payment-service|ts-preserve-other-service|ts-preserve-service|ts-price-service|ts-route-service|ts-seat-service|ts-security-service|ts-station-service|ts-ticketinfo-service|ts-train-service|ts-travel-service|ts-travel2-service|ts-user-service,26,55,False,ts-assurance-service|ts-config-service|ts-contacts-service|ts-food-service|ts-order-other-service|ts-order-service|ts-price-service|ts-route-service|ts-seat-service|ts-security-service|ts-station-service|ts-ticketinfo-service|ts-train-service|ts-travel-service|ts-travel2-service|ts-user-service,1706026700,28,False,1,24,1,0.0011172959159842122,,,,,,,,,,,,,,,,,,,6.98
TT,TT/ts-auth-service_mem/2,/home/user/data/RE2/RE2-TT/ts-auth-service_mem/2,ts-auth-service,mem,2,5,0.35,0.4,a2_b5_pb0.35_ps0.4,200000,2076833427,1127077,ts-admin-basic-info-service|ts-admin-travel-service|ts-assurance-service|ts-auth-service|ts-basic-service|ts-config-service|ts-consign-price-service|ts-consign-service|ts-contacts-service|ts-food-map-service|ts-food-service|ts-inside-payment-service|ts-order-other-service|ts-order-service|ts-payment-service|ts-preserve-other-service|ts-preserve-service|ts-price-service|ts-route-service|ts-seat-service|ts-security-service|ts-station-service|ts-ticketinfo-service|ts-train-service|ts-travel-service|ts-travel2-service|ts-user-service,26,55,False,ts-assurance-service|ts-config-service|ts-contacts-service|ts-food-service|ts-order-other-service|ts-order-service|ts-price-service|ts-route-service|ts-seat-service|ts-security-service|ts-station-service|ts-ticketinfo-service|ts-train-service|ts-travel-service|ts-travel2-service|ts-user-service,1706028246,28,False,1,24,1,0.0011172492718726649,,,,,,,,,,,,,,,,,,,7.47
TT,TT/ts-auth-service_mem/3,/home/user/data/RE2/RE2-TT/ts-auth-service_mem/3,ts-auth-service,mem,2,5,0.35,0.4,a2_b5_pb0.35_ps0.4,200000,3884212739,618824,ts-admin-basic-info-service|ts-admin-travel-service|ts-assurance-service|ts-auth-service|ts-basic-service|ts-config-service|ts-consign-price-service|ts-consign-service|ts-contacts-service|ts-food-map-service|ts-food-service|ts-inside-payment-service|ts-order-other-service|ts-order-service|ts-payment-service|ts-preserve-other-service|ts-preserve-service|ts-price-service|ts-route-service|ts-seat-service|ts-security-service|ts-station-service|ts-ticketinfo-service|ts-train-service|ts-travel-service|ts-travel2-service|ts-user-service,26,55,False,ts-assurance-service|ts-config-service|ts-contacts-service|ts-food-service|ts-order-other-service|ts-order-service|ts-price-service|ts-route-service|ts-seat-service|ts-security-service|ts-station-service|ts-ticketinfo-service|ts-train-service|ts-travel-service|ts-travel2-service|ts-user-service,1708747254,28,False,1,24,1,0.001117297540888281,,,,,,,,,,,,,,,,,,,4.67
TT,TT/ts-auth-service_socket/1,/home/user/data/RE2/RE2-TT/ts-auth-service_socket/1,ts-auth-service,socket,2,5,0.35,0.4,a2_b5_pb0.35_ps0.4,200000,313009689,829373,ts-admin-basic-info-service|ts-admin-travel-service|ts-assurance-service|ts-auth-service|ts-basic-service|ts-config-service|ts-consign-price-service|ts-consign-service|ts-contacts-service|ts-food-map-service|ts-food-service|ts-inside-payment-service|ts-order-other-service|ts-order-service|ts-payment-service|ts-preserve-other-service|ts-preserve-service|ts-price-service|ts-route-service|ts-seat-service|ts-security-service|ts-station-service|ts-ticketinfo-service|ts-train-service|ts-travel-service|ts-travel2-service|ts-user-service,26,55,False,ts-assurance-service|ts-config-service|ts-contacts-service|ts-food-service|ts-order-other-service|ts-order-service|ts-price-service|ts-route-service|ts-seat-service|ts-security-service|ts-station-service|ts-ticketinfo-service|ts-train-service|ts-travel-service|ts-travel2-service|ts-user-service,1705981508,28,False,1,24,1,0.0011173803313442564,,,,,,,,,,,,,,,,,,,5.63
TT,TT/ts-auth-service_socket/2,/home/user/data/RE2/RE2-TT/ts-auth-service_socket/2,ts-auth-service,socket,2,5,0.35,0.4,a2_b5_pb0.35_ps0.4,200000,4162423076,746721,ts-admin-basic-info-service|ts-admin-travel-service|ts-assurance-service|ts-auth-service|ts-basic-service|ts-config-service|ts-consign-price-service|ts-consign-service|ts-contacts-service|ts-food-map-service|ts-food-service|ts-inside-payment-service|ts-order-other-service|ts-order-service|ts-payment-service|ts-preserve-other-service|ts-preserve-service|ts-price-service|ts-route-service|ts-seat-service|ts-security-service|ts-station-service|ts-ticketinfo-service|ts-train-service|ts-travel-service|ts-travel2-service|ts-user-service,26,55,False,ts-assurance-service|ts-config-service|ts-contacts-service|ts-food-service|ts-order-other-service|ts-order-service|ts-price-service|ts-route-service|ts-seat-service|ts-security-service|ts-station-service|ts-ticketinfo-service|ts-train-service|ts-travel-service|ts-travel2-service|ts-user-service,1708748796,28,False,1,24,1,0.001117466765445398,,,,,,,,,,,,,,,,,,,4.99
TT,TT/ts-auth-service_socket/3,/home/user/data/RE2/RE2-TT/ts-auth-service_socket/3,ts-auth-service,socket,2,5,0.35,0.4,a2_b5_pb0.35_ps0.4,200000,3969073679,948201,ts-admin-basic-info-service|ts-admin-travel-service|ts-assurance-service|ts-auth-service|ts-basic-service|ts-config-service|ts-consign-price-service|ts-consign-service|ts-contacts-service|ts-food-map-service|ts-food-service|ts-inside-payment-service|ts-order-other-service|ts-order-service|ts-payment-service|ts-preserve-other-service|ts-preserve-service|ts-price-service|ts-route-service|ts-seat-service|ts-security-service|ts-station-service|ts-ticketinfo-service|ts-train-service|ts-travel-service|ts-travel2-service|ts-user-service,26,55,False,ts-assurance-service|ts-config-service|ts-contacts-service|ts-food-service|ts-order-other-service|ts-order-service|ts-price-service|ts-route-service|ts-seat-service|ts-security-service|ts-station-service|ts-ticketinfo-service|ts-train-service|ts-travel-service|ts-travel2-service|ts-user-service,1706036545,28,False,1,24,1,0.0011172857197243684,,,,,,,,,,,,,,,,,,,6.32
TT,TT/ts-order-service_cpu/1,/home/user/data/RE2/RE2-TT/ts-order-service_cpu/1,ts-order-service,cpu,2,5,0.35,0.4,a2_b5_pb0.35_ps0.4,200000,3525630501,628113,ts-admin-basic-info-service|ts-admin-travel-service|ts-assurance-service|ts-auth-service|ts-basic-service|ts-config-service|ts-consign-price-service|ts-consign-service|ts-contacts-service|ts-food-map-service|ts-food-service|ts-inside-payment-service|ts-order-other-service|ts-order-service|ts-payment-service|ts-preserve-other-service|ts-preserve-service|ts-price-service|ts-route-service|ts-seat-service|ts-security-service|ts-station-service|ts-ticketinfo-service|ts-train-service|ts-travel-service|ts-travel2-service|ts-user-service,26,55,False,ts-assurance-service|ts-config-service|ts-contacts-service|ts-food-service|ts-order-other-service|ts-order-service|ts-price-service|ts-route-service|ts-seat-service|ts-security-service|ts-station-service|ts-ticketinfo-service|ts-train-service|ts-travel-service|ts-travel2-service|ts-user-service,1705935125,28,True,1,24,1,0.0011174631971009156,7.0,1.0,7.0,1.0,1.0,7.0,3.0,1.0,3.0,1.0,1.0,3.0,10.0,1.0,10.0,1.0,1.0,10.0,4.3
TT,TT/ts-order-service_cpu/2,/home/user/data/RE2/RE2-TT/ts-order-service_cpu/2,ts-order-service,cpu,2,5,0.35,0.4,a2_b5_pb0.35_ps0.4,200000,1142705379,811938,ts-admin-basic-info-service|ts-admin-travel-service|ts-assurance-service|ts-auth-service|ts-basic-service|ts-config-service|ts-consign-price-service|ts-consign-service|ts-contacts-service|ts-food-map-service|ts-food-service|ts-inside-payment-service|ts-order-other-service|ts-order-service|ts-payment-service|ts-preserve-other-service|ts-preserve-service|ts-price-service|ts-route-service|ts-seat-service|ts-security-service|ts-station-service|ts-ticketinfo-service|ts-train-service|ts-travel-service|ts-travel2-service|ts-user-service,26,55,False,ts-assurance-service|ts-config-service|ts-contacts-service|ts-food-service|ts-order-other-service|ts-order-service|ts-price-service|ts-route-service|ts-seat-service|ts-security-service|ts-station-service|ts-ticketinfo-service|ts-train-service|ts-travel-service|ts-travel2-service|ts-user-service,1706051909,28,True,1,24,1,0.0011172684323831942,2.0,1.0,2.0,1.0,1.0,2.0,1.0,1.0,1.0,1.0,1.0,1.0,2.0,1.0,2.0,1.0,1.0,2.0,6.02
TT,TT/ts-order-service_cpu/3,/home/user/data/RE2/RE2-TT/ts-order-service_cpu/3,ts-order-service,cpu,2,5,0.35,0.4,a2_b5_pb0.35_ps0.4,200000,63760947,849200,ts-admin-basic-info-service|ts-admin-travel-service|ts-assurance-service|ts-auth-service|ts-basic-service|ts-config-service|ts-consign-price-service|ts-consign-service|ts-contacts-service|ts-food-map-service|ts-food-service|ts-inside-payment-service|ts-order-other-service|ts-order-service|ts-payment-service|ts-preserve-other-service|ts-preserve-service|ts-price-service|ts-route-service|ts-seat-service|ts-security-service|ts-station-service|ts-ticketinfo-service|ts-train-service|ts-travel-service|ts-travel2-service|ts-user-service,26,55,False,ts-assurance-service|ts-config-service|ts-contacts-service|ts-food-service|ts-order-other-service|ts-order-service|ts-price-service|ts-route-service|ts-seat-service|ts-security-service|ts-station-service|ts-ticketinfo-service|ts-train-service|ts-travel-service|ts-travel2-service|ts-user-service,1706053461,28,True,1,24,1,0.0011171942744549847,1.0,1.0,1.0,1.0,1.0,1.0,1.0,1.0,1.0,1.0,1.0,1.0,2.0,1.0,2.0,1.0,1.0,2.0,5.78
TT,TT/ts-order-service_delay/1,/home/user/data/RE2/RE2-TT/ts-order-service_delay/1,ts-order-service,delay,2,5,0.35,0.4,a2_b5_pb0.35_ps0.4,200000,3120376260,779417,ts-admin-basic-info-service|ts-admin-travel-service|ts-assurance-service|ts-auth-service|ts-basic-service|ts-config-service|ts-consign-price-service|ts-consign-service|ts-contacts-service|ts-food-map-service|ts-food-service|ts-inside-payment-service|ts-order-other-service|ts-order-service|ts-payment-service|ts-preserve-other-service|ts-preserve-service|ts-price-service|ts-route-service|ts-seat-service|ts-security-service|ts-station-service|ts-ticketinfo-service|ts-train-service|ts-travel-service|ts-travel2-service|ts-user-service,26,55,False,ts-assurance-service|ts-config-service|ts-contacts-service|ts-food-service|ts-order-other-service|ts-order-service|ts-price-service|ts-route-service|ts-seat-service|ts-security-service|ts-station-service|ts-ticketinfo-service|ts-train-service|ts-travel-service|ts-travel2-service|ts-user-service,1705952245,28,True,1,24,1,0.0011173788005305095,1.0,1.0,1.0,1.0,1.0,1.0,1.0,1.0,1.0,1.0,1.0,1.0,1.0,1.0,1.0,1.0,1.0,1.0,5.46
TT,TT/ts-order-service_delay/2,/home/user/data/RE2/RE2-TT/ts-order-service_delay/2,ts-order-service,delay,2,5,0.35,0.4,a2_b5_pb0.35_ps0.4,200000,3583303624,122969,ts-admin-basic-info-service|ts-admin-travel-service|ts-assurance-service|ts-auth-service|ts-basic-service|ts-config-service|ts-consign-price-service|ts-consign-service|ts-food-map-service|ts-food-service|ts-inside-payment-service|ts-order-other-service|ts-order-service|ts-price-service|ts-route-service|ts-station-service|ts-ticketinfo-service|ts-train-service|ts-travel-service|ts-travel2-service,18,20,True,ts-route-service|ts-station-service|ts-ticketinfo-service|ts-train-service|ts-travel-service,1706067125,21,True,1,18,0,0.001117913184241066,1.0,1.0,1.0,1.0,1.0,1.0,1.0,1.0,1.0,1.0,1.0,1.0,1.0,1.0,1.0,1.0,1.0,1.0,1.28
TT,TT/ts-order-service_delay/3,/home/user/data/RE2/RE2-TT/ts-order-service_delay/3,ts-order-service,delay,2,5,0.35,0.4,a2_b5_pb0.35_ps0.4,200000,242772028,125251,ts-admin-basic-info-service|ts-admin-travel-service|ts-assurance-service|ts-auth-service|ts-basic-service|ts-config-service|ts-consign-price-service|ts-consign-service|ts-food-map-service|ts-food-service|ts-inside-payment-service|ts-order-other-service|ts-order-service|ts-price-service|ts-route-service|ts-station-service|ts-ticketinfo-service|ts-train-service|ts-travel-service|ts-travel2-service,18,20,True,ts-route-service|ts-station-service|ts-ticketinfo-service|ts-train-service|ts-travel-service,1706068673,21,True,1,18,0,0.0011177760339173496,1.0,1.0,1.0,1.0,1.0,1.0,1.0,1.0,1.0,1.0,1.0,1.0,1.0,1.0,1.0,1.0,1.0,1.0,1.31
TT,TT/ts-order-service_disk/1,/home/user/data/RE2/RE2-TT/ts-order-service_disk/1,ts-order-service,disk,2,5,0.35,0.4,a2_b5_pb0.35_ps0.4,200000,3397728265,1054124,ts-admin-basic-info-service|ts-admin-travel-service|ts-assurance-service|ts-auth-service|ts-basic-service|ts-config-service|ts-consign-price-service|ts-consign-service|ts-contacts-service|ts-food-map-service|ts-food-service|ts-inside-payment-service|ts-order-other-service|ts-order-service|ts-payment-service|ts-preserve-other-service|ts-preserve-service|ts-price-service|ts-route-service|ts-seat-service|ts-security-service|ts-station-service|ts-ticketinfo-service|ts-train-service|ts-travel-service|ts-travel2-service|ts-user-service,26,55,False,ts-assurance-service|ts-config-service|ts-contacts-service|ts-food-service|ts-order-other-service|ts-order-service|ts-price-service|ts-route-service|ts-seat-service|ts-security-service|ts-station-service|ts-ticketinfo-service|ts-train-service|ts-travel-service|ts-travel2-service|ts-user-service,1705985281,28,True,2,24,1,0.0011174309455174402,15.0,1.0,15.0,1.0,1.0,15.0,11.0,1.0,11.0,1.0,1.0,11.0,15.0,1.0,15.0,1.0,1.0,15.0,7.57
TT,TT/ts-order-service_disk/2,/home/user/data/RE2/RE2-TT/ts-order-service_disk/2,ts-order-service,disk,2,5,0.35,0.4,a2_b5_pb0.35_ps0.4,200000,4281204367,125465,ts-admin-basic-info-service|ts-admin-travel-service|ts-assurance-service|ts-auth-service|ts-basic-service|ts-config-service|ts-consign-price-service|ts-consign-service|ts-food-map-service|ts-food-service|ts-inside-payment-service|ts-order-other-service|ts-order-service|ts-price-service|ts-route-service|ts-station-service|ts-ticketinfo-service|ts-train-service|ts-travel-service|ts-travel2-service,18,20,True,ts-route-service|ts-station-service|ts-ticketinfo-service|ts-train-service|ts-travel-service,1706059803,21,True,21,18,0,0.0011178380705629952,2.0,2.0,2.0,1.0,2.0,1.5,11.0,1.0,11.0,1.0,1.0,11.0,2.0,2.0,2.0,1.0,2.0,1.5,1.26
TT,TT/ts-order-service_disk/3,/home/user/data/RE2/RE2-TT/ts-order-service_disk/3,ts-order-service,disk,2,5,0.35,0.4,a2_b5_pb0.35_ps0.4,200000,727147989,126429,ts-admin-basic-info-service|ts-admin-travel-service|ts-assurance-service|ts-auth-service|ts-basic-service|ts-config-service|ts-consign-price-service|ts-consign-service|ts-food-map-service|ts-food-service|ts-inside-payment-service|ts-order-other-service|ts-order-service|ts-price-service|ts-route-service|ts-station-service|ts-ticketinfo-service|ts-train-service|ts-travel-service|ts-travel2-service,18,20,True,ts-route-service|ts-station-service|ts-ticketinfo-service|ts-train-service|ts-travel-service,1706061352,21,True,1,18,0,0.0011178289658418232,2.0,1.0,2.0,1.0,1.0,2.0,1.0,1.0,1.0,1.0,1.0,1.0,2.0,1.0,2.0,1.0,1.0,2.0,1.26
TT,TT/ts-order-service_loss/1,/home/user/data/RE2/RE2-TT/ts-order-service_loss/1,ts-order-service,loss,2,5,0.35,0.4,a2_b5_pb0.35_ps0.4,200000,1604446696,1293243,ts-admin-basic-info-service|ts-admin-travel-service|ts-assurance-service|ts-auth-service|ts-basic-service|ts-config-service|ts-consign-price-service|ts-consign-service|ts-contacts-service|ts-food-map-service|ts-food-service|ts-inside-payment-service|ts-order-other-service|ts-order-service|ts-payment-service|ts-preserve-other-service|ts-preserve-service|ts-price-service|ts-route-service|ts-seat-service|ts-security-service|ts-station-service|ts-ticketinfo-service|ts-train-service|ts-travel-service|ts-travel2-service|ts-user-service,26,55,False,ts-assurance-service|ts-config-service|ts-contacts-service|ts-food-service|ts-order-other-service|ts-order-service|ts-price-service|ts-route-service|ts-seat-service|ts-security-service|ts-station-service|ts-ticketinfo-service|ts-train-service|ts-travel-service|ts-travel2-service|ts-user-service,1705988266,28,True,2,24,1,0.001117252621164972,1.0,1.0,1.0,1.0,1.0,1.0,1.0,1.0,1.0,1.0,1.0,1.0,1.0,1.0,1.0,1.0,1.0,1.0,9.13
TT,TT/ts-order-service_loss/2,/home/user/data/RE2/RE2-TT/ts-order-service_loss/2,ts-order-service,loss,2,5,0.35,0.4,a2_b5_pb0.35_ps0.4,200000,3321949789,126339,ts-admin-basic-info-service|ts-admin-travel-service|ts-assurance-service|ts-auth-service|ts-basic-service|ts-config-service|ts-consign-price-service|ts-consign-service|ts-food-map-service|ts-food-service|ts-inside-payment-service|ts-order-other-service|ts-order-service|ts-price-service|ts-route-service|ts-station-service|ts-ticketinfo-service|ts-train-service|ts-travel-service|ts-travel2-service,18,20,True,ts-route-service|ts-station-service|ts-ticketinfo-service|ts-train-service|ts-travel-service,1706070221,21,True,1,18,0,0.0011178103595869918,1.0,1.0,1.0,1.0,1.0,1.0,1.0,1.0,1.0,1.0,1.0,1.0,1.0,1.0,1.0,1.0,1.0,1.0,1.22
TT,TT/ts-order-service_loss/3,/home/user/data/RE2/RE2-TT/ts-order-service_loss/3,ts-order-service,loss,2,5,0.35,0.4,a2_b5_pb0.35_ps0.4,200000,279942073,126456,ts-admin-basic-info-service|ts-admin-travel-service|ts-assurance-service|ts-auth-service|ts-basic-service|ts-config-service|ts-consign-price-service|ts-consign-service|ts-food-map-service|ts-food-service|ts-inside-payment-service|ts-order-other-service|ts-order-service|ts-price-service|ts-route-service|ts-station-service|ts-ticketinfo-service|ts-train-service|ts-travel-service|ts-travel2-service,18,20,True,ts-route-service|ts-station-service|ts-ticketinfo-service|ts-train-service|ts-travel-service,1706071770,21,True,1,18,0,0.0011177499431894416,2.0,1.0,2.0,1.0,1.0,2.0,1.0,1.0,1.0,1.0,1.0,1.0,2.0,1.0,2.0,1.0,1.0,2.0,1.3
TT,TT/ts-order-service_mem/1,/home/user/data/RE2/RE2-TT/ts-order-service_mem/1,ts-order-service,mem,2,5,0.35,0.4,a2_b5_pb0.35_ps0.4,200000,2401109332,610230,ts-admin-basic-info-service|ts-admin-travel-service|ts-assurance-service|ts-auth-service|ts-basic-service|ts-config-service|ts-consign-price-service|ts-consign-service|ts-contacts-service|ts-food-map-service|ts-food-service|ts-inside-payment-service|ts-order-other-service|ts-order-service|ts-payment-service|ts-preserve-other-service|ts-preserve-service|ts-price-service|ts-route-service|ts-seat-service|ts-security-service|ts-station-service|ts-ticketinfo-service|ts-train-service|ts-travel-service|ts-travel2-service|ts-user-service,26,55,False,ts-assurance-service|ts-config-service|ts-contacts-service|ts-food-service|ts-order-other-service|ts-order-service|ts-price-service|ts-route-service|ts-seat-service|ts-security-service|ts-station-service|ts-ticketinfo-service|ts-train-service|ts-travel-service|ts-travel2-service|ts-user-service,1706198902,28,True,1,24,1,0.0011174375398652042,2.0,1.0,2.0,1.0,1.0,2.0,2.0,1.0,2.0,1.0,1.0,2.0,2.0,1.0,2.0,1.0,1.0,2.0,5.16
TT,TT/ts-order-service_mem/2,/home/user/data/RE2/RE2-TT/ts-order-service_mem/2,ts-order-service,mem,2,5,0.35,0.4,a2_b5_pb0.35_ps0.4,200000,3334494,655259,ts-admin-basic-info-service|ts-admin-travel-service|ts-assurance-service|ts-auth-service|ts-basic-service|ts-config-service|ts-consign-price-service|ts-consign-service|ts-contacts-service|ts-food-map-service|ts-food-service|ts-inside-payment-service|ts-order-other-service|ts-order-service|ts-payment-service|ts-preserve-other-service|ts-preserve-service|ts-price-service|ts-route-service|ts-seat-service|ts-security-service|ts-station-service|ts-ticketinfo-service|ts-train-service|ts-travel-service|ts-travel2-service|ts-user-service,26,55,False,ts-assurance-service|ts-config-service|ts-contacts-service|ts-food-service|ts-order-other-service|ts-order-service|ts-price-service|ts-route-service|ts-seat-service|ts-security-service|ts-station-service|ts-ticketinfo-service|ts-train-service|ts-travel-service|ts-travel2-service|ts-user-service,1708443983,28,True,1,24,1,0.001117348983084515,2.0,1.0,2.0,1.0,1.0,2.0,1.0,1.0,1.0,1.0,1.0,1.0,2.0,1.0,2.0,1.0,1.0,2.0,5.11
TT,TT/ts-order-service_mem/3,/home/user/data/RE2/RE2-TT/ts-order-service_mem/3,ts-order-service,mem,2,5,0.35,0.4,a2_b5_pb0.35_ps0.4,200000,2863686659,704920,ts-admin-basic-info-service|ts-admin-travel-service|ts-assurance-service|ts-auth-service|ts-basic-service|ts-config-service|ts-consign-price-service|ts-consign-service|ts-contacts-service|ts-food-map-service|ts-food-service|ts-inside-payment-service|ts-order-other-service|ts-order-service|ts-payment-service|ts-preserve-other-service|ts-preserve-service|ts-price-service|ts-route-service|ts-seat-service|ts-security-service|ts-station-service|ts-ticketinfo-service|ts-train-service|ts-travel-service|ts-travel2-service|ts-user-service,26,55,False,ts-assurance-service|ts-config-service|ts-contacts-service|ts-food-service|ts-order-other-service|ts-order-service|ts-price-service|ts-route-service|ts-seat-service|ts-security-service|ts-station-service|ts-ticketinfo-service|ts-train-service|ts-travel-service|ts-travel2-service|ts-user-service,1706200452,28,True,1,24,1,0.0011173653294692832,1.0,1.0,1.0,1.0,1.0,1.0,1.0,1.0,1.0,1.0,1.0,1.0,1.0,1.0,1.0,1.0,1.0,1.0,5.46
TT,TT/ts-order-service_socket/1,/home/user/data/RE2/RE2-TT/ts-order-service_socket/1,ts-order-service,socket,2,5,0.35,0.4,a2_b5_pb0.35_ps0.4,200000,3780140580,1204370,ts-admin-basic-info-service|ts-admin-travel-service|ts-assurance-service|ts-auth-service|ts-basic-service|ts-config-service|ts-consign-price-service|ts-consign-service|ts-contacts-service|ts-food-map-service|ts-food-service|ts-inside-payment-service|ts-order-other-service|ts-order-service|ts-payment-service|ts-preserve-other-service|ts-preserve-service|ts-price-service|ts-route-service|ts-seat-service|ts-security-service|ts-station-service|ts-ticketinfo-service|ts-train-service|ts-travel-service|ts-travel2-service|ts-user-service,26,55,False,ts-assurance-service|ts-config-service|ts-contacts-service|ts-food-service|ts-order-other-service|ts-order-service|ts-price-service|ts-route-service|ts-seat-service|ts-security-service|ts-station-service|ts-ticketinfo-service|ts-train-service|ts-travel-service|ts-travel2-service|ts-user-service,1705986772,28,True,1,24,1,0.001117409076334625,2.0,1.0,2.0,1.0,1.0,2.0,1.0,1.0,1.0,1.0,1.0,1.0,2.0,1.0,2.0,1.0,1.0,2.0,8.24
TT,TT/ts-order-service_socket/2,/home/user/data/RE2/RE2-TT/ts-order-service_socket/2,ts-order-service,socket,2,5,0.35,0.4,a2_b5_pb0.35_ps0.4,200000,1254242200,123607,ts-admin-basic-info-service|ts-admin-travel-service|ts-assurance-service|ts-auth-service|ts-basic-service|ts-config-service|ts-consign-price-service|ts-consign-service|ts-food-map-service|ts-food-service|ts-inside-payment-service|ts-order-other-service|ts-order-service|ts-price-service|ts-route-service|ts-station-service|ts-ticketinfo-service|ts-train-service|ts-travel-service|ts-travel2-service,18,20,True,ts-route-service|ts-station-service|ts-ticketinfo-service|ts-train-service|ts-travel-service,1706062900,21,True,1,18,0,0.0011178737490767907,1.0,1.0,1.0,1.0,1.0,1.0,1.0,1.0,1.0,1.0,1.0,1.0,1.0,1.0,1.0,1.0,1.0,1.0,1.21
TT,TT/ts-order-service_socket/3,/home/user/data/RE2/RE2-TT/ts-order-service_socket/3,ts-order-service,socket,2,5,0.35,0.4,a2_b5_pb0.35_ps0.4,200000,227166735,974523,ts-admin-basic-info-service|ts-admin-travel-service|ts-assurance-service|ts-auth-service|ts-basic-service|ts-config-service|ts-consign-price-service|ts-consign-service|ts-contacts-service|ts-food-map-service|ts-food-service|ts-inside-payment-service|ts-order-other-service|ts-order-service|ts-payment-service|ts-preserve-other-service|ts-preserve-service|ts-price-service|ts-route-service|ts-seat-service|ts-security-service|ts-station-service|ts-ticketinfo-service|ts-train-service|ts-travel-service|ts-travel2-service|ts-user-service,26,55,False,ts-assurance-service|ts-config-service|ts-contacts-service|ts-food-service|ts-order-other-service|ts-order-service|ts-price-service|ts-route-service|ts-seat-service|ts-security-service|ts-station-service|ts-ticketinfo-service|ts-train-service|ts-travel-service|ts-travel2-service|ts-user-service,1708751883,28,True,1,24,1,0.00111736842066527,1.0,1.0,1.0,1.0,1.0,1.0,1.0,1.0,1.0,1.0,1.0,1.0,1.0,1.0,1.0,1.0,1.0,1.0,7.16
TT,TT/ts-route-service_cpu/1,/home/user/data/RE2/RE2-TT/ts-route-service_cpu/1,ts-route-service,cpu,2,5,0.35,0.4,a2_b5_pb0.35_ps0.4,200000,869714234,758384,ts-admin-basic-info-service|ts-admin-travel-service|ts-assurance-service|ts-auth-service|ts-basic-service|ts-config-service|ts-consign-price-service|ts-consign-service|ts-contacts-service|ts-food-map-service|ts-food-service|ts-inside-payment-service|ts-order-other-service|ts-order-service|ts-payment-service|ts-preserve-other-service|ts-preserve-service|ts-price-service|ts-route-service|ts-seat-service|ts-security-service|ts-station-service|ts-ticketinfo-service|ts-train-service|ts-travel-service|ts-travel2-service|ts-user-service,26,55,False,ts-assurance-service|ts-config-service|ts-contacts-service|ts-food-service|ts-order-other-service|ts-order-service|ts-price-service|ts-route-service|ts-seat-service|ts-security-service|ts-station-service|ts-ticketinfo-service|ts-train-service|ts-travel-service|ts-travel2-service|ts-user-service,1705938117,28,True,1,24,1,0.0011173284709520294,1.0,1.0,1.0,1.0,1.0,1.0,1.0,1.0,1.0,1.0,1.0,1.0,1.0,1.0,1.0,1.0,1.0,1.0,5.67
TT,TT/ts-route-service_cpu/2,/home/user/data/RE2/RE2-TT/ts-route-service_cpu/2,ts-route-service,cpu,2,5,0.35,0.4,a2_b5_pb0.35_ps0.4,200000,1434556314,125618,ts-admin-basic-info-service|ts-admin-travel-service|ts-assurance-service|ts-auth-service|ts-basic-service|ts-config-service|ts-consign-price-service|ts-consign-service|ts-food-map-service|ts-food-service|ts-inside-payment-service|ts-order-other-service|ts-order-service|ts-price-service|ts-route-service|ts-station-service|ts-ticketinfo-service|ts-train-service|ts-travel-service|ts-travel2-service,18,20,True,ts-route-service|ts-station-service|ts-ticketinfo-service|ts-train-service|ts-travel-service,1706076163,21,True,1,18,0,0.0011178274641016831,1.0,1.0,1.0,1.0,1.0,1.0,1.0,1.0,1.0,1.0,1.0,1.0,1.0,1.0,1.0,1.0,1.0,1.0,1.25
TT,TT/ts-route-service_cpu/3,/home/user/data/RE2/RE2-TT/ts-route-service_cpu/3,ts-route-service,cpu,2,5,0.35,0.4,a2_b5_pb0.35_ps0.4,200000,222910402,125549,ts-admin-basic-info-service|ts-admin-travel-service|ts-assurance-service|ts-auth-service|ts-basic-service|ts-config-service|ts-consign-price-service|ts-consign-service|ts-food-map-service|ts-food-service|ts-inside-payment-service|ts-order-other-service|ts-order-service|ts-price-service|ts-route-service|ts-station-service|ts-ticketinfo-service|ts-train-service|ts-travel-service|ts-travel2-service,18,20,True,ts-route-service|ts-station-service|ts-ticketinfo-service|ts-train-service|ts-travel-service,1706077706,21,True,1,18,0,0.001117786024022487,1.0,1.0,1.0,1.0,1.0,1.0,1.0,1.0,1.0,1.0,1.0,1.0,1.0,1.0,1.0,1.0,1.0,1.0,1.22
TT,TT/ts-route-service_delay/1,/home/user/data/RE2/RE2-TT/ts-route-service_delay/1,ts-route-service,delay,2,5,0.35,0.4,a2_b5_pb0.35_ps0.4,200000,4247612547,783245,ts-admin-basic-info-service|ts-admin-travel-service|ts-assurance-service|ts-auth-service|ts-basic-service|ts-config-service|ts-consign-price-service|ts-consign-service|ts-contacts-service|ts-food-map-service|ts-food-service|ts-inside-payment-service|ts-order-other-service|ts-order-service|ts-payment-service|ts-preserve-other-service|ts-preserve-service|ts-price-service|ts-route-service|ts-seat-service|ts-security-service|ts-station-service|ts-ticketinfo-service|ts-train-service|ts-travel-service|ts-travel2-service|ts-user-service,26,55,False,ts-assurance-service|ts-config-service|ts-contacts-service|ts-food-service|ts-order-other-service|ts-order-service|ts-price-service|ts-route-service|ts-seat-service|ts-security-service|ts-station-service|ts-ticketinfo-service|ts-train-service|ts-travel-service|ts-travel2-service|ts-user-service,1705939611,28,True,1,24,1,0.0011175148651695868,1.0,1.0,1.0,1.0,1.0,1.0,1.0,1.0,1.0,1.0,1.0,1.0,1.0,1.0,1.0,1.0,1.0,1.0,5.57
TT,TT/ts-route-service_delay/2,/home/user/data/RE2/RE2-TT/ts-route-service_delay/2,ts-route-service,delay,2,5,0.35,0.4,a2_b5_pb0.35_ps0.4,200000,826348844,742553,ts-admin-basic-info-service|ts-admin-travel-service|ts-assurance-service|ts-auth-service|ts-basic-service|ts-config-service|ts-consign-price-service|ts-consign-service|ts-contacts-service|ts-food-map-service|ts-food-service|ts-inside-payment-service|ts-order-other-service|ts-order-service|ts-payment-service|ts-preserve-other-service|ts-preserve-service|ts-price-service|ts-route-service|ts-seat-service|ts-security-service|ts-station-service|ts-ticketinfo-service|ts-train-service|ts-travel-service|ts-travel2-service|ts-user-service,26,55,False,ts-assurance-service|ts-config-service|ts-contacts-service|ts-food-service|ts-order-other-service|ts-order-service|ts-price-service|ts-route-service|ts-seat-service|ts-security-service|ts-station-service|ts-ticketinfo-service|ts-train-service|ts-travel-service|ts-travel2-service|ts-user-service,1706091325,28,True,1,24,1,0.0011172692600711792,1.0,1.0,1.0,1.0,1.0,1.0,1.0,1.0,1.0,1.0,1.0,1.0,1.0,1.0,1.0,1.0,1.0,1.0,4.78
TT,TT/ts-route-service_delay/3,/home/user/data/RE2/RE2-TT/ts-route-service_delay/3,ts-route-service,delay,2,5,0.35,0.4,a2_b5_pb0.35_ps0.4,200000,3692953164,866958,ts-admin-basic-info-service|ts-admin-travel-service|ts-assurance-service|ts-auth-service|ts-basic-service|ts-config-service|ts-consign-price-service|ts-consign-service|ts-contacts-service|ts-food-map-service|ts-food-service|ts-inside-payment-service|ts-order-other-service|ts-order-service|ts-payment-service|ts-preserve-other-service|ts-preserve-service|ts-price-service|ts-route-service|ts-seat-service|ts-security-service|ts-station-service|ts-ticketinfo-service|ts-train-service|ts-travel-service|ts-travel2-service|ts-user-service,26,55,False,ts-assurance-service|ts-config-service|ts-contacts-service|ts-food-service|ts-order-other-service|ts-order-service|ts-price-service|ts-route-service|ts-seat-service|ts-security-service|ts-station-service|ts-ticketinfo-service|ts-train-service|ts-travel-service|ts-travel2-service|ts-user-service,1706092874,28,True,1,24,1,0.0011174538670007813,1.0,1.0,1.0,1.0,1.0,1.0,1.0,1.0,1.0,1.0,1.0,1.0,1.0,1.0,1.0,1.0,1.0,1.0,5.55
TT,TT/ts-route-service_disk/1,/home/user/data/RE2/RE2-TT/ts-route-service_disk/1,ts-route-service,disk,2,5,0.35,0.4,a2_b5_pb0.35_ps0.4,200000,3793828098,1316502,ts-admin-basic-info-service|ts-admin-travel-service|ts-assurance-service|ts-auth-service|ts-basic-service|ts-config-service|ts-consign-price-service|ts-consign-service|ts-contacts-service|ts-food-map-service|ts-food-service|ts-inside-payment-service|ts-order-other-service|ts-order-service|ts-payment-service|ts-preserve-other-service|ts-preserve-service|ts-price-service|ts-route-service|ts-seat-service|ts-security-service|ts-station-service|ts-ticketinfo-service|ts-train-service|ts-travel-service|ts-travel2-service|ts-user-service,26,55,False,ts-assurance-service|ts-config-service|ts-contacts-service|ts-food-service|ts-order-other-service|ts-order-service|ts-price-service|ts-route-service|ts-seat-service|ts-security-service|ts-station-service|ts-ticketinfo-service|ts-train-service|ts-travel-service|ts-travel2-service|ts-user-service,1705990546,28,True,25,24,1,0.001117322098591091,2.0,1.0,2.0,1.0,1.0,2.0,7.0,1.0,9.0,1.0,1.0,7.0,3.0,1.0,3.0,1.0,1.0,3.0,8.84
TT,TT/ts-route-service_disk/2,/home/user/data/RE2/RE2-TT/ts-route-service_disk/2,ts-route-service,disk,2,5,0.35,0.4,a2_b5_pb0.35_ps0.4,200000,648166595,325410,ts-admin-basic-info-service|ts-admin-travel-service|ts-assurance-service|ts-auth-service|ts-basic-service|ts-config-service|ts-consign-price-service|ts-consign-service|ts-contacts-service|ts-food-map-service|ts-food-service|ts-inside-payment-service|ts-order-other-service|ts-order-service|ts-payment-service|ts-preserve-other-service|ts-preserve-service|ts-price-service|ts-route-service|ts-seat-service|ts-security-service|ts-station-service|ts-ticketinfo-service|ts-train-service|ts-travel-service|ts-travel2-service|ts-user-service,26,55,False,ts-assurance-service|ts-config-service|ts-contacts-service|ts-food-service|ts-order-other-service|ts-order-service|ts-price-service|ts-route-service|ts-seat-service|ts-security-service|ts-station-service|ts-ticketinfo-service|ts-train-service|ts-travel-service|ts-travel2-service|ts-user-service,1706085230,28,True,1,24,1,0.0011173028094478238,1.0,1.0,1.0,1.0,1.0,1.0,1.0,1.0,1.0,1.0,1.0,1.0,1.0,1.0,1.0,1.0,1.0,1.0,3.25
TT,TT/ts-route-service_disk/3,/home/user/data/RE2/RE2-TT/ts-route-service_disk/3,ts-route-service,disk,2,5,0.35,0.4,a2_b5_pb0.35_ps0.4,200000,3822251810,544009,ts-admin-basic-info-service|ts-admin-travel-service|ts-assurance-service|ts-auth-service|ts-basic-service|ts-config-service|ts-consign-price-service|ts-consign-service|ts-contacts-service|ts-food-map-service|ts-food-service|ts-inside-payment-service|ts-order-other-service|ts-order-service|ts-payment-service|ts-preserve-other-service|ts-preserve-service|ts-price-service|ts-route-service|ts-seat-service|ts-security-service|ts-station-service|ts-ticketinfo-service|ts-train-service|ts-travel-service|ts-travel2-service|ts-user-service,26,55,False,ts-assurance-service|ts-config-service|ts-contacts-service|ts-food-service|ts-order-other-service|ts-order-service|ts-price-service|ts-route-service|ts-seat-service|ts-security-service|ts-station-service|ts-ticketinfo-service|ts-train-service|ts-travel-service|ts-travel2-service|ts-user-service,1706183080,28,True,1,24,1,0.0011171981719909857,3.0,1.0,3.0,1.0,1.0,3.0,2.0,1.0,2.0,1.0,1.0,2.0,3.0,1.0,3.0,1.0,1.0,3.0,4.37
TT,TT/ts-route-service_loss/1,/home/user/data/RE2/RE2-TT/ts-route-service_loss/1,ts-route-service,loss,2,5,0.35,0.4,a2_b5_pb0.35_ps0.4,200000,2087275466,1198291,ts-admin-basic-info-service|ts-admin-travel-service|ts-assurance-service|ts-auth-service|ts-basic-service|ts-config-service|ts-consign-price-service|ts-consign-service|ts-contacts-service|ts-food-map-service|ts-food-service|ts-inside-payment-service|ts-order-other-service|ts-order-service|ts-payment-service|ts-preserve-other-service|ts-preserve-service|ts-price-service|ts-route-service|ts-seat-service|ts-security-service|ts-station-service|ts-ticketinfo-service|ts-train-service|ts-travel-service|ts-travel2-service|ts-user-service,26,55,False,ts-assurance-service|ts-config-service|ts-contacts-service|ts-food-service|ts-order-other-service|ts-order-service|ts-price-service|ts-route-service|ts-seat-service|ts-security-service|ts-station-service|ts-ticketinfo-service|ts-train-service|ts-travel-service|ts-travel2-service|ts-user-service,1705993539,28,True,1,24,1,0.0011173332314041323,1.0,1.0,1.0,1.0,1.0,1.0,1.0,1.0,1.0,1.0,1.0,1.0,1.0,1.0,1.0,1.0,1.0,1.0,7.87
TT,TT/ts-route-service_loss/2,/home/user/data/RE2/RE2-TT/ts-route-service_loss/2,ts-route-service,loss,2,5,0.35,0.4,a2_b5_pb0.35_ps0.4,200000,3903804988,875640,ts-admin-basic-info-service|ts-admin-travel-service|ts-assurance-service|ts-auth-service|ts-basic-service|ts-config-service|ts-consign-price-service|ts-consign-service|ts-contacts-service|ts-food-map-service|ts-food-service|ts-inside-payment-service|ts-order-other-service|ts-order-service|ts-payment-service|ts-preserve-other-service|ts-preserve-service|ts-price-service|ts-route-service|ts-seat-service|ts-security-service|ts-station-service|ts-ticketinfo-service|ts-train-service|ts-travel-service|ts-travel2-service|ts-user-service,26,55,False,ts-assurance-service|ts-config-service|ts-contacts-service|ts-food-service|ts-order-other-service|ts-order-service|ts-price-service|ts-route-service|ts-seat-service|ts-security-service|ts-station-service|ts-ticketinfo-service|ts-train-service|ts-travel-service|ts-travel2-service|ts-user-service,1706094419,28,True,1,24,1,0.0011173936495255377,1.0,1.0,1.0,1.0,1.0,1.0,1.0,1.0,1.0,1.0,1.0,1.0,1.0,1.0,1.0,1.0,1.0,1.0,6.79
TT,TT/ts-route-service_loss/3,/home/user/data/RE2/RE2-TT/ts-route-service_loss/3,ts-route-service,loss,2,5,0.35,0.4,a2_b5_pb0.35_ps0.4,200000,1580528971,626121,ts-admin-basic-info-service|ts-admin-travel-service|ts-assurance-service|ts-auth-service|ts-basic-service|ts-config-service|ts-consign-price-service|ts-consign-service|ts-contacts-service|ts-food-map-service|ts-food-service|ts-inside-payment-service|ts-order-other-service|ts-order-service|ts-payment-service|ts-preserve-other-service|ts-preserve-service|ts-price-service|ts-route-service|ts-seat-service|ts-security-service|ts-station-service|ts-ticketinfo-service|ts-train-service|ts-travel-service|ts-travel2-service|ts-user-service,26,55,False,ts-assurance-service|ts-config-service|ts-contacts-service|ts-food-service|ts-order-other-service|ts-order-service|ts-price-service|ts-route-service|ts-seat-service|ts-security-service|ts-station-service|ts-ticketinfo-service|ts-train-service|ts-travel-service|ts-travel2-service|ts-user-service,1706102401,28,True,1,24,1,0.0011173352101652395,3.0,1.0,3.0,1.0,1.0,3.0,2.0,1.0,2.0,1.0,1.0,2.0,3.0,1.0,3.0,1.0,1.0,3.0,5.04
TT,TT/ts-route-service_mem/1,/home/user/data/RE2/RE2-TT/ts-route-service_mem/1,ts-route-service,mem,2,5,0.35,0.4,a2_b5_pb0.35_ps0.4,200000,726241677,688564,ts-admin-basic-info-service|ts-admin-travel-service|ts-assurance-service|ts-auth-service|ts-basic-service|ts-config-service|ts-consign-price-service|ts-consign-service|ts-contacts-service|ts-food-map-service|ts-food-service|ts-inside-payment-service|ts-order-other-service|ts-order-service|ts-payment-service|ts-preserve-other-service|ts-preserve-service|ts-price-service|ts-route-service|ts-seat-service|ts-security-service|ts-station-service|ts-ticketinfo-service|ts-train-service|ts-travel-service|ts-travel2-service|ts-user-service,26,55,False,ts-assurance-service|ts-config-service|ts-contacts-service|ts-food-service|ts-order-other-service|ts-order-service|ts-price-service|ts-route-service|ts-seat-service|ts-security-service|ts-station-service|ts-ticketinfo-service|ts-train-service|ts-travel-service|ts-travel2-service|ts-user-service,1706179570,28,True,1,24,1,0.001117276277325801,1.0,1.0,1.0,1.0,1.0,1.0,1.0,1.0,1.0,1.0,1.0,1.0,1.0,1.0,1.0,1.0,1.0,1.0,5.24
TT,TT/ts-route-service_mem/2,/home/user/data/RE2/RE2-TT/ts-route-service_mem/2,ts-route-service,mem,2,5,0.35,0.4,a2_b5_pb0.35_ps0.4,200000,167577868,631943,ts-admin-basic-info-service|ts-admin-travel-service|ts-assurance-service|ts-auth-service|ts-basic-service|ts-config-service|ts-consign-price-service|ts-consign-service|ts-contacts-service|ts-food-map-service|ts-food-service|ts-inside-payment-service|ts-order-other-service|ts-order-service|ts-payment-service|ts-preserve-other-service|ts-preserve-service|ts-price-service|ts-route-service|ts-seat-service|ts-security-service|ts-station-service|ts-ticketinfo-service|ts-train-service|ts-travel-service|ts-travel2-service|ts-user-service,26,55,False,ts-assurance-service|ts-config-service|ts-contacts-service|ts-food-service|ts-order-other-service|ts-order-service|ts-price-service|ts-route-service|ts-seat-service|ts-security-service|ts-station-service|ts-ticketinfo-service|ts-train-service|ts-travel-service|ts-travel2-service|ts-user-service,1706082132,28,True,1,24,1,0.0011174574644589386,1.0,1.0,1.0,1.0,1.0,1.0,1.0,1.0,1.0,1.0,1.0,1.0,1.0,1.0,1.0,1.0,1.0,1.0,5.06
TT,TT/ts-route-service_mem/3,/home/user/data/RE2/RE2-TT/ts-route-service_mem/3,ts-route-service,mem,2,5,0.35,0.4,a2_b5_pb0.35_ps0.4,200000,605107536,733836,ts-admin-basic-info-service|ts-admin-travel-service|ts-assurance-service|ts-auth-service|ts-basic-service|ts-config-service|ts-consign-price-service|ts-consign-service|ts-contacts-service|ts-food-map-service|ts-food-service|ts-inside-payment-service|ts-order-other-service|ts-order-service|ts-payment-service|ts-preserve-other-service|ts-preserve-service|ts-price-service|ts-route-service|ts-seat-service|ts-security-service|ts-station-service|ts-ticketinfo-service|ts-train-service|ts-travel-service|ts-travel2-service|ts-user-service,26,55,False,ts-assurance-service|ts-config-service|ts-contacts-service|ts-food-service|ts-order-other-service|ts-order-service|ts-price-service|ts-route-service|ts-seat-service|ts-security-service|ts-station-service|ts-ticketinfo-service|ts-train-service|ts-travel-service|ts-travel2-service|ts-user-service,1706083682,28,True,1,24,1,0.0011173328353158696,1.0,1.0,1.0,1.0,1.0,1.0,1.0,1.0,1.0,1.0,1.0,1.0,1.0,1.0,1.0,1.0,1.0,1.0,5.59
TT,TT/ts-route-service_socket/1,/home/user/data/RE2/RE2-TT/ts-route-service_socket/1,ts-route-service,socket,2,5,0.35,0.4,a2_b5_pb0.35_ps0.4,200000,2738898042,1535674,ts-admin-basic-info-service|ts-admin-travel-service|ts-assurance-service|ts-auth-service|ts-basic-service|ts-config-service|ts-consign-price-service|ts-consign-service|ts-contacts-service|ts-food-map-service|ts-food-service|ts-inside-payment-service|ts-order-other-service|ts-order-service|ts-payment-service|ts-preserve-other-service|ts-preserve-service|ts-price-service|ts-route-service|ts-seat-service|ts-security-service|ts-station-service|ts-ticketinfo-service|ts-train-service|ts-travel-service|ts-travel2-service|ts-user-service,26,55,False,ts-assurance-service|ts-config-service|ts-contacts-service|ts-food-service|ts-order-other-service|ts-order-service|ts-price-service|ts-route-service|ts-seat-service|ts-security-service|ts-station-service|ts-ticketinfo-service|ts-train-service|ts-travel-service|ts-travel2-service|ts-user-service,1705992046,28,True,1,24,1,0.001117276277325801,1.0,1.0,1.0,1.0,1.0,1.0,1.0,1.0,1.0,1.0,1.0,1.0,1.0,1.0,1.0,1.0,1.0,1.0,10.11
TT,TT/ts-route-service_socket/2,/home/user/data/RE2/RE2-TT/ts-route-service_socket/2,ts-route-service,socket,2,5,0.35,0.4,a2_b5_pb0.35_ps0.4,200000,3459220,655457,ts-admin-basic-info-service|ts-admin-travel-service|ts-assurance-service|ts-auth-service|ts-basic-service|ts-config-service|ts-consign-price-service|ts-consign-service|ts-contacts-service|ts-food-map-service|ts-food-service|ts-inside-payment-service|ts-order-other-service|ts-order-service|ts-payment-service|ts-preserve-other-service|ts-preserve-service|ts-price-service|ts-route-service|ts-seat-service|ts-security-service|ts-station-service|ts-ticketinfo-service|ts-train-service|ts-travel-service|ts-travel2-service|ts-user-service,26,55,False,ts-assurance-service|ts-config-service|ts-contacts-service|ts-food-service|ts-order-other-service|ts-order-service|ts-price-service|ts-route-service|ts-seat-service|ts-security-service|ts-station-service|ts-ticketinfo-service|ts-train-service|ts-travel-service|ts-travel2-service|ts-user-service,1706088233,28,True,1,24,1,0.0011173517212028628,1.0,1.0,1.0,1.0,1.0,1.0,1.0,1.0,1.0,1.0,1.0,1.0,1.0,1.0,1.0,1.0,1.0,1.0,5.24
TT,TT/ts-route-service_socket/3,/home/user/data/RE2/RE2-TT/ts-route-service_socket/3,ts-route-service,socket,2,5,0.35,0.4,a2_b5_pb0.35_ps0.4,200000,3532973131,770484,ts-admin-basic-info-service|ts-admin-travel-service|ts-assurance-service|ts-auth-service|ts-basic-service|ts-config-service|ts-consign-price-service|ts-consign-service|ts-contacts-service|ts-food-map-service|ts-food-service|ts-inside-payment-service|ts-order-other-service|ts-order-service|ts-payment-service|ts-preserve-other-service|ts-preserve-service|ts-price-service|ts-route-service|ts-seat-service|ts-security-service|ts-station-service|ts-ticketinfo-service|ts-train-service|ts-travel-service|ts-travel2-service|ts-user-service,26,55,False,ts-assurance-service|ts-config-service|ts-contacts-service|ts-food-service|ts-order-other-service|ts-order-service|ts-price-service|ts-route-service|ts-seat-service|ts-security-service|ts-station-service|ts-ticketinfo-service|ts-train-service|ts-travel-service|ts-travel2-service|ts-user-service,1706089779,28,True,1,24,1,0.0011172387591177634,1.0,1.0,1.0,1.0,1.0,1.0,1.0,1.0,1.0,1.0,1.0,1.0,1.0,1.0,1.0,1.0,1.0,1.0,5.72
TT,TT/ts-train-service_cpu/1,/home/user/data/RE2/RE2-TT/ts-train-service_cpu/1,ts-train-service,cpu,2,5,0.35,0.4,a2_b5_pb0.35_ps0.4,200000,2771684955,1053578,ts-admin-basic-info-service|ts-admin-travel-service|ts-assurance-service|ts-auth-service|ts-basic-service|ts-config-service|ts-consign-price-service|ts-consign-service|ts-contacts-service|ts-food-map-service|ts-food-service|ts-inside-payment-service|ts-order-other-service|ts-order-service|ts-payment-service|ts-preserve-other-service|ts-preserve-service|ts-price-service|ts-route-service|ts-seat-service|ts-security-service|ts-station-service|ts-ticketinfo-service|ts-train-service|ts-travel-service|ts-travel2-service|ts-user-service,26,55,False,ts-assurance-service|ts-config-service|ts-contacts-service|ts-food-service|ts-order-other-service|ts-order-service|ts-price-service|ts-route-service|ts-seat-service|ts-security-service|ts-station-service|ts-ticketinfo-service|ts-train-service|ts-travel-service|ts-travel2-service|ts-user-service,1705942599,28,True,1,24,1,0.0011173626187925745,1.0,1.0,1.0,1.0,1.0,1.0,1.0,1.0,1.0,1.0,1.0,1.0,1.0,1.0,1.0,1.0,1.0,1.0,7.61
TT,TT/ts-train-service_cpu/2,/home/user/data/RE2/RE2-TT/ts-train-service_cpu/2,ts-train-service,cpu,2,5,0.35,0.4,a2_b5_pb0.35_ps0.4,200000,312290799,807137,ts-admin-basic-info-service|ts-admin-travel-service|ts-assurance-service|ts-auth-service|ts-basic-service|ts-config-service|ts-consign-price-service|ts-consign-service|ts-contacts-service|ts-food-map-service|ts-food-service|ts-inside-payment-service|ts-order-other-service|ts-order-service|ts-payment-service|ts-preserve-other-service|ts-preserve-service|ts-price-service|ts-route-service|ts-seat-service|ts-security-service|ts-station-service|ts-ticketinfo-service|ts-train-service|ts-travel-service|ts-travel2-service|ts-user-service,26,55,False,ts-assurance-service|ts-config-service|ts-contacts-service|ts-food-service|ts-order-other-service|ts-order-service|ts-price-service|ts-route-service|ts-seat-service|ts-security-service|ts-station-service|ts-ticketinfo-service|ts-train-service|ts-travel-service|ts-travel2-service|ts-user-service,1706105498,28,True,1,24,1,0.0011172068006864262,1.0,1.0,1.0,1.0,1.0,1.0,1.0,1.0,1.0,1.0,1.0,1.0,1.0,1.0,1.0,1.0,1.0,1.0,6.22
TT,TT/ts-train-service_cpu/3,/home/user/data/RE2/RE2-TT/ts-train-service_cpu/3,ts-train-service,cpu,2,5,0.35,0.4,a2_b5_pb0.35_ps0.4,200000,2797247100,941576,ts-admin-basic-info-service|ts-admin-travel-service|ts-assurance-service|ts-auth-service|ts-basic-service|ts-config-service|ts-consign-price-service|ts-consign-service|ts-contacts-service|ts-food-map-service|ts-food-service|ts-inside-payment-service|ts-order-other-service|ts-order-service|ts-payment-service|ts-preserve-other-service|ts-preserve-service|ts-price-service|ts-route-service|ts-seat-service|ts-security-service|ts-station-service|ts-ticketinfo-service|ts-train-service|ts-travel-service|ts-travel2-service|ts-user-service,26,55,False,ts-assurance-service|ts-config-service|ts-contacts-service|ts-food-service|ts-order-other-service|ts-order-service|ts-price-service|ts-route-service|ts-seat-service|ts-security-service|ts-station-service|ts-ticketinfo-service|ts-train-service|ts-travel-service|ts-travel2-service|ts-user-service,1706107045,28,True,1,24,1,0.001117490733238983,1.0,1.0,1.0,1.0,1.0,1.0,1.0,1.0,1.0,1.0,1.0,1.0,1.0,1.0,1.0,1.0,1.0,1.0,7.08
TT,TT/ts-train-service_delay/1,/home/user/data/RE2/RE2-TT/ts-train-service_delay/1,ts-train-service,delay,2,5,0.35,0.4,a2_b5_pb0.35_ps0.4,200000,362632117,1000430,ts-admin-basic-info-service|ts-admin-travel-service|ts-assurance-service|ts-auth-service|ts-basic-service|ts-config-service|ts-consign-price-service|ts-consign-service|ts-contacts-service|ts-food-map-service|ts-food-service|ts-inside-payment-service|ts-order-other-service|ts-order-service|ts-payment-service|ts-preserve-other-service|ts-preserve-service|ts-price-service|ts-route-service|ts-seat-service|ts-security-service|ts-station-service|ts-ticketinfo-service|ts-train-service|ts-travel-service|ts-travel2-service|ts-user-service,26,55,False,ts-assurance-service|ts-config-service|ts-contacts-service|ts-food-service|ts-order-other-service|ts-order-service|ts-price-service|ts-route-service|ts-seat-service|ts-security-service|ts-station-service|ts-ticketinfo-service|ts-train-service|ts-travel-service|ts-travel2-service|ts-user-service,1705944092,28,True,1,24,1,0.0011173470239254231,1.0,1.0,1.0,1.0,1.0,1.0,1.0,1.0,1.0,1.0,1.0,1.0,1.0,1.0,1.0,1.0,1.0,1.0,7.16
TT,TT/ts-train-service_delay/2,/home/user/data/RE2/RE2-TT/ts-train-service_delay/2,ts-train-service,delay,2,5,0.35,0.4,a2_b5_pb0.35_ps0.4,200000,2510515358,669235,ts-admin-basic-info-service|ts-admin-travel-service|ts-assurance-service|ts-auth-service|ts-basic-service|ts-config-service|ts-consign-price-service|ts-consign-service|ts-contacts-service|ts-food-map-service|ts-food-service|ts-inside-payment-service|ts-order-other-service|ts-order-service|ts-payment-service|ts-preserve-other-service|ts-preserve-service|ts-price-service|ts-route-service|ts-seat-service|ts-security-service|ts-station-service|ts-ticketinfo-service|ts-train-service|ts-travel-service|ts-travel2-service|ts-user-service,26,55,False,ts-assurance-service|ts-config-service|ts-contacts-service|ts-food-service|ts-order-other-service|ts-order-service|ts-price-service|ts-route-service|ts-seat-service|ts-security-service|ts-station-service|ts-ticketinfo-service|ts-train-service|ts-travel-service|ts-travel2-service|ts-user-service,1706123446,28,True,1,24,1,0.001117357180974374,1.0,1.0,1.0,1.0,1.0,1.0,1.0,1.0,1.0,1.0,1.0,1.0,1.0,1.0,1.0,1.0,1.0,1.0,4.93
TT,TT/ts-train-service_delay/3,/home/user/data/RE2/RE2-TT/ts-train-service_delay/3,ts-train-service,delay,2,5,0.35,0.4,a2_b5_pb0.35_ps0.4,200000,570057413,792201,ts-admin-basic-info-service|ts-admin-travel-service|ts-assurance-service|ts-auth-service|ts-basic-service|ts-config-service|ts-consign-price-service|ts-consign-service|ts-contacts-service|ts-food-map-service|ts-food-service|ts-inside-payment-service|ts-order-other-service|ts-order-service|ts-payment-service|ts-preserve-other-service|ts-preserve-service|ts-price-service|ts-route-service|ts-seat-service|ts-security-service|ts-station-service|ts-ticketinfo-service|ts-train-service|ts-travel-service|ts-travel2-service|ts-user-service,26,55,False,ts-assurance-service|ts-config-service|ts-contacts-service|ts-food-service|ts-order-other-service|ts-order-service|ts-price-service|ts-route-service|ts-seat-service|ts-security-service|ts-station-service|ts-ticketinfo-service|ts-train-service|ts-travel-service|ts-travel2-service|ts-user-service,1706124991,28,True,1,24,1,0.0011173228967044397,1.0,1.0,1.0,1.0,1.0,1.0,1.0,1.0,1.0,1.0,1.0,1.0,1.0,1.0,1.0,1.0,1.0,1.0,5.8
TT,TT/ts-train-service_disk/1,/home/user/data/RE2/RE2-TT/ts-train-service_disk/1,ts-train-service,disk,2,5,0.35,0.4,a2_b5_pb0.35_ps0.4,200000,4264174830,776573,ts-admin-basic-info-service|ts-admin-travel-service|ts-assurance-service|ts-auth-service|ts-basic-service|ts-config-service|ts-consign-price-service|ts-consign-service|ts-contacts-service|ts-food-map-service|ts-food-service|ts-inside-payment-service|ts-order-other-service|ts-order-service|ts-payment-service|ts-preserve-other-service|ts-preserve-service|ts-price-service|ts-route-service|ts-seat-service|ts-security-service|ts-station-service|ts-ticketinfo-service|ts-train-service|ts-travel-service|ts-travel2-service|ts-user-service,26,55,False,ts-assurance-service|ts-config-service|ts-contacts-service|ts-food-service|ts-order-other-service|ts-order-service|ts-price-service|ts-route-service|ts-seat-service|ts-security-service|ts-station-service|ts-ticketinfo-service|ts-train-service|ts-travel-service|ts-travel2-service|ts-user-service,1706009807,28,True,1,24,1,0.0011172450751737507,1.0,1.0,1.0,1.0,1.0,1.0,1.0,1.0,1.0,1.0,1.0,1.0,1.0,1.0,1.0,1.0,1.0,1.0,5.28
TT,TT/ts-train-service_disk/2,/home/user/data/RE2/RE2-TT/ts-train-service_disk/2,ts-train-service,disk,2,5,0.35,0.4,a2_b5_pb0.35_ps0.4,200000,2798278839,868395,ts-admin-basic-info-service|ts-admin-travel-service|ts-assurance-service|ts-auth-service|ts-basic-service|ts-config-service|ts-consign-price-service|ts-consign-service|ts-contacts-service|ts-food-map-service|ts-food-service|ts-inside-payment-service|ts-order-other-service|ts-order-service|ts-payment-service|ts-preserve-other-service|ts-preserve-service|ts-price-service|ts-route-service|ts-seat-service|ts-security-service|ts-station-service|ts-ticketinfo-service|ts-train-service|ts-travel-service|ts-travel2-service|ts-user-service,26,55,False,ts-assurance-service|ts-config-service|ts-contacts-service|ts-food-service|ts-order-other-service|ts-order-service|ts-price-service|ts-route-service|ts-seat-service|ts-security-service|ts-station-service|ts-ticketinfo-service|ts-train-service|ts-travel-service|ts-travel2-service|ts-user-service,1706114212,28,True,1,24,1,0.0011173205010201863,1.0,1.0,1.0,1.0,1.0,1.0,1.0,1.0,1.0,1.0,1.0,1.0,1.0,1.0,1.0,1.0,1.0,1.0,5.81
TT,TT/ts-train-service_disk/3,/home/user/data/RE2/RE2-TT/ts-train-service_disk/3,ts-train-service,disk,2,5,0.35,0.4,a2_b5_pb0.35_ps0.4,200000,3223794433,1008550,ts-admin-basic-info-service|ts-admin-travel-service|ts-assurance-service|ts-auth-service|ts-basic-service|ts-config-service|ts-consign-price-service|ts-consign-service|ts-contacts-service|ts-food-map-service|ts-food-service|ts-inside-payment-service|ts-order-other-service|ts-order-service|ts-payment-service|ts-preserve-other-service|ts-preserve-service|ts-price-service|ts-route-service|ts-seat-service|ts-security-service|ts-station-service|ts-ticketinfo-service|ts-train-service|ts-travel-service|ts-travel2-service|ts-user-service,26,55,False,ts-assurance-service|ts-config-service|ts-contacts-service|ts-food-service|ts-order-other-service|ts-order-service|ts-price-service|ts-route-service|ts-seat-service|ts-security-service|ts-station-service|ts-ticketinfo-service|ts-train-service|ts-travel-service|ts-travel2-service|ts-user-service,1706115759,28,True,1,24,1,0.0011173761172944409,1.0,1.0,1.0,1.0,1.0,1.0,1.0,1.0,1.0,1.0,1.0,1.0,1.0,1.0,1.0,1.0,1.0,1.0,6.54
TT,TT/ts-train-service_loss/1,/home/user/data/RE2/RE2-TT/ts-train-service_loss/1,ts-train-service,loss,2,5,0.35,0.4,a2_b5_pb0.35_ps0.4,200000,2590982260,1025176,ts-admin-basic-info-service|ts-admin-travel-service|ts-assurance-service|ts-auth-service|ts-basic-service|ts-config-service|ts-consign-price-service|ts-consign-service|ts-contacts-service|ts-food-map-service|ts-food-service|ts-inside-payment-service|ts-order-other-service|ts-order-service|ts-payment-service|ts-preserve-other-service|ts-preserve-service|ts-price-service|ts-route-service|ts-seat-service|ts-security-service|ts-station-service|ts-ticketinfo-service|ts-train-service|ts-travel-service|ts-travel2-service|ts-user-service,26,55,False,ts-assurance-service|ts-config-service|ts-contacts-service|ts-food-service|ts-order-other-service|ts-order-service|ts-price-service|ts-route-service|ts-seat-service|ts-security-service|ts-station-service|ts-ticketinfo-service|ts-train-service|ts-travel-service|ts-travel2-service|ts-user-service,1708448623,28,True,1,24,1,0.0011173610673703466,1.0,1.0,1.0,1.0,1.0,1.0,1.0,1.0,1.0,1.0,1.0,1.0,1.0,1.0,1.0,1.0,1.0,1.0,7.16
TT,TT/ts-train-service_loss/2,/home/user/data/RE2/RE2-TT/ts-train-service_loss/2,ts-train-service,loss,2,5,0.35,0.4,a2_b5_pb0.35_ps0.4,200000,1370316036,988810,ts-admin-basic-info-service|ts-admin-travel-service|ts-assurance-service|ts-auth-service|ts-basic-service|ts-config-service|ts-consign-price-service|ts-consign-service|ts-contacts-service|ts-food-map-service|ts-food-service|ts-inside-payment-service|ts-order-other-service|ts-order-service|ts-payment-service|ts-preserve-other-service|ts-preserve-service|ts-price-service|ts-route-service|ts-seat-service|ts-security-service|ts-station-service|ts-ticketinfo-service|ts-train-service|ts-travel-service|ts-travel2-service|ts-user-service,26,55,False,ts-assurance-service|ts-config-service|ts-contacts-service|ts-food-service|ts-order-other-service|ts-order-service|ts-price-service|ts-route-service|ts-seat-service|ts-security-service|ts-station-service|ts-ticketinfo-service|ts-train-service|ts-travel-service|ts-travel2-service|ts-user-service,1706126537,28,True,1,24,1,0.0011172824421335904,1.0,1.0,1.0,1.0,1.0,1.0,1.0,1.0,1.0,1.0,1.0,1.0,1.0,1.0,1.0,1.0,1.0,1.0,7.49
TT,TT/ts-train-service_loss/3,/home/user/data/RE2/RE2-TT/ts-train-service_loss/3,ts-train-service,loss,2,5,0.35,0.4,a2_b5_pb0.35_ps0.4,200000,2354489099,1042622,ts-admin-basic-info-service|ts-admin-travel-service|ts-assurance-service|ts-auth-service|ts-basic-service|ts-config-service|ts-consign-price-service|ts-consign-service|ts-contacts-service|ts-food-map-service|ts-food-service|ts-inside-payment-service|ts-order-other-service|ts-order-service|ts-payment-service|ts-preserve-other-service|ts-preserve-service|ts-price-service|ts-route-service|ts-seat-service|ts-security-service|ts-station-service|ts-ticketinfo-service|ts-train-service|ts-travel-service|ts-travel2-service|ts-user-service,26,55,False,ts-assurance-service|ts-config-service|ts-contacts-service|ts-food-service|ts-order-other-service|ts-order-service|ts-price-service|ts-route-service|ts-seat-service|ts-security-service|ts-station-service|ts-ticketinfo-service|ts-train-service|ts-travel-service|ts-travel2-service|ts-user-service,1706128083,28,True,1,24,1,0.0011174470009803596,1.0,1.0,1.0,1.0,1.0,1.0,1.0,1.0,1.0,1.0,1.0,1.0,1.0,1.0,1.0,1.0,1.0,1.0,7.28
TT,TT/ts-train-service_mem/1,/home/user/data/RE2/RE2-TT/ts-train-service_mem/1,ts-train-service,mem,2,5,0.35,0.4,a2_b5_pb0.35_ps0.4,200000,2346650566,643904,ts-admin-basic-info-service|ts-admin-travel-service|ts-assurance-service|ts-auth-service|ts-basic-service|ts-config-service|ts-consign-price-service|ts-consign-service|ts-contacts-service|ts-food-map-service|ts-food-service|ts-inside-payment-service|ts-order-other-service|ts-order-service|ts-payment-service|ts-preserve-other-service|ts-preserve-service|ts-price-service|ts-route-service|ts-seat-service|ts-security-service|ts-station-service|ts-ticketinfo-service|ts-train-service|ts-travel-service|ts-travel2-service|ts-user-service,26,55,False,ts-assurance-service|ts-config-service|ts-contacts-service|ts-food-service|ts-order-other-service|ts-order-service|ts-price-service|ts-route-service|ts-seat-service|ts-security-service|ts-station-service|ts-ticketinfo-service|ts-train-service|ts-travel-service|ts-travel2-service|ts-user-service,1706008312,28,True,1,24,1,0.0011174113181255147,1.0,1.0,1.0,1.0,1.0,1.0,1.0,1.0,1.0,1.0,1.0,1.0,1.0,1.0,1.0,1.0,1.0,1.0,4.62
TT,TT/ts-train-service_mem/2,/home/user/data/RE2/RE2-TT/ts-train-service_mem/2,ts-train-service,mem,2,5,0.35,0.4,a2_b5_pb0.35_ps0.4,200000,1146670129,626163,ts-admin-basic-info-service|ts-admin-travel-service|ts-assurance-service|ts-auth-service|ts-basic-service|ts-config-service|ts-consign-price-service|ts-consign-service|ts-contacts-service|ts-food-map-service|ts-food-service|ts-inside-payment-service|ts-order-other-service|ts-order-service|ts-payment-service|ts-preserve-other-service|ts-preserve-service|ts-price-service|ts-route-service|ts-seat-service|ts-security-service|ts-station-service|ts-ticketinfo-service|ts-train-service|ts-travel-service|ts-travel2-service|ts-user-service,26,55,False,ts-assurance-service|ts-config-service|ts-contacts-service|ts-food-service|ts-order-other-service|ts-order-service|ts-price-service|ts-route-service|ts-seat-service|ts-security-service|ts-station-service|ts-ticketinfo-service|ts-train-service|ts-travel-service|ts-travel2-service|ts-user-service,1706111117,28,True,1,24,1,0.0011174738685423475,1.0,1.0,1.0,1.0,1.0,1.0,1.0,1.0,1.0,1.0,1.0,1.0,1.0,1.0,1.0,1.0,1.0,1.0,4.61
TT,TT/ts-train-service_mem/3,/home/user/data/RE2/RE2-TT/ts-train-service_mem/3,ts-train-service,mem,2,5,0.35,0.4,a2_b5_pb0.35_ps0.4,200000,3620352383,755095,ts-admin-basic-info-service|ts-admin-travel-service|ts-assurance-service|ts-auth-service|ts-basic-service|ts-config-service|ts-consign-price-service|ts-consign-service|ts-contacts-service|ts-food-map-service|ts-food-service|ts-inside-payment-service|ts-order-other-service|ts-order-service|ts-payment-service|ts-preserve-other-service|ts-preserve-service|ts-price-service|ts-route-service|ts-seat-service|ts-security-service|ts-station-service|ts-ticketinfo-service|ts-train-service|ts-travel-service|ts-travel2-service|ts-user-service,26,55,False,ts-assurance-service|ts-config-service|ts-contacts-service|ts-food-service|ts-order-other-service|ts-order-service|ts-price-service|ts-route-service|ts-seat-service|ts-security-service|ts-station-service|ts-ticketinfo-service|ts-train-service|ts-travel-service|ts-travel2-service|ts-user-service,1706112664,28,True,1,24,1,0.0011174331476647718,1.0,1.0,1.0,1.0,1.0,1.0,1.0,1.0,1.0,1.0,1.0,1.0,1.0,1.0,1.0,1.0,1.0,1.0,5.79
TT,TT/ts-train-service_socket/1,/home/user/data/RE2/RE2-TT/ts-train-service_socket/1,ts-train-service,socket,2,5,0.35,0.4,a2_b5_pb0.35_ps0.4,200000,749066422,382423,ts-admin-basic-info-service|ts-admin-travel-service|ts-assurance-service|ts-auth-service|ts-basic-service|ts-config-service|ts-consign-price-service|ts-consign-service|ts-contacts-service|ts-food-map-service|ts-food-service|ts-inside-payment-service|ts-order-other-service|ts-order-service|ts-payment-service|ts-preserve-other-service|ts-preserve-service|ts-price-service|ts-route-service|ts-seat-service|ts-security-service|ts-station-service|ts-ticketinfo-service|ts-train-service|ts-travel-service|ts-travel2-service|ts-user-service,26,55,False,ts-assurance-service|ts-config-service|ts-contacts-service|ts-food-service|ts-order-other-service|ts-order-service|ts-price-service|ts-route-service|ts-seat-service|ts-security-service|ts-station-service|ts-ticketinfo-service|ts-train-service|ts-travel-service|ts-travel2-service|ts-user-service,1705997317,28,True,1,24,1,0.0011173513303791248,1.0,1.0,1.0,1.0,1.0,1.0,1.0,1.0,1.0,1.0,1.0,1.0,1.0,1.0,1.0,1.0,1.0,1.0,3.21
TT,TT/ts-train-service_socket/2,/home/user/data/RE2/RE2-TT/ts-train-service_socket/2,ts-train-service,socket,2,5,0.35,0.4,a2_b5_pb0.35_ps0.4,200000,977183019,1106312,ts-admin-basic-info-service|ts-admin-travel-service|ts-assurance-service|ts-auth-service|ts-basic-service|ts-config-service|ts-consign-price-service|ts-consign-service|ts-contacts-service|ts-food-map-service|ts-food-service|ts-inside-payment-service|ts-order-other-service|ts-order-service|ts-payment-service|ts-preserve-other-service|ts-preserve-service|ts-price-service|ts-route-service|ts-seat-service|ts-security-service|ts-station-service|ts-ticketinfo-service|ts-train-service|ts-travel-service|ts-travel2-service|ts-user-service,26,55,False,ts-assurance-service|ts-config-service|ts-contacts-service|ts-food-service|ts-order-other-service|ts-order-service|ts-price-service|ts-route-service|ts-seat-service|ts-security-service|ts-station-service|ts-ticketinfo-service|ts-train-service|ts-travel-service|ts-travel2-service|ts-user-service,1706117304,28,True,1,24,1,0.0011173856750804532,1.0,1.0,1.0,1.0,1.0,1.0,1.0,1.0,1.0,1.0,1.0,1.0,1.0,1.0,1.0,1.0,1.0,1.0,7.72
TT,TT/ts-train-service_socket/3,/home/user/data/RE2/RE2-TT/ts-train-service_socket/3,ts-train-service,socket,2,5,0.35,0.4,a2_b5_pb0.35_ps0.4,200000,1693339280,659525,ts-admin-basic-info-service|ts-admin-travel-service|ts-assurance-service|ts-auth-service|ts-basic-service|ts-config-service|ts-consign-price-service|ts-consign-service|ts-contacts-service|ts-food-map-service|ts-food-service|ts-inside-payment-service|ts-order-other-service|ts-order-service|ts-payment-service|ts-preserve-other-service|ts-preserve-service|ts-price-service|ts-route-service|ts-seat-service|ts-security-service|ts-station-service|ts-ticketinfo-service|ts-train-service|ts-travel-service|ts-travel2-service|ts-user-service,26,55,False,ts-assurance-service|ts-config-service|ts-contacts-service|ts-food-service|ts-order-other-service|ts-order-service|ts-price-service|ts-route-service|ts-seat-service|ts-security-service|ts-station-service|ts-ticketinfo-service|ts-train-service|ts-travel-service|ts-travel2-service|ts-user-service,1706121899,28,True,1,24,1,0.0011174161615083254,1.0,1.0,1.0,1.0,1.0,1.0,1.0,1.0,1.0,1.0,1.0,1.0,1.0,1.0,1.0,1.0,1.0,1.0,5.0
TT,TT/ts-travel-service_cpu/1,/home/user/data/RE2/RE2-TT/ts-travel-service_cpu/1,ts-travel-service,cpu,2,5,0.35,0.4,a2_b5_pb0.35_ps0.4,200000,1581838042,730224,ts-admin-basic-info-service|ts-admin-travel-service|ts-assurance-service|ts-auth-service|ts-basic-service|ts-config-service|ts-consign-price-service|ts-consign-service|ts-contacts-service|ts-food-map-service|ts-food-service|ts-inside-payment-service|ts-order-other-service|ts-order-service|ts-payment-service|ts-preserve-other-service|ts-preserve-service|ts-price-service|ts-route-service|ts-seat-service|ts-security-service|ts-station-service|ts-ticketinfo-service|ts-train-service|ts-travel-service|ts-travel2-service|ts-user-service,26,55,False,ts-assurance-service|ts-config-service|ts-contacts-service|ts-food-service|ts-order-other-service|ts-order-service|ts-price-service|ts-route-service|ts-seat-service|ts-security-service|ts-station-service|ts-ticketinfo-service|ts-train-service|ts-travel-service|ts-travel2-service|ts-user-service,1708453056,28,True,1,24,1,0.001117422836485813,3.0,1.0,5.0,3.0,3.0,3.0,2.0,1.0,4.0,3.0,3.0,2.0,3.0,1.0,5.0,3.0,3.0,3.0,5.37
TT,TT/ts-travel-service_cpu/2,/home/user/data/RE2/RE2-TT/ts-travel-service_cpu/2,ts-travel-service,cpu,2,5,0.35,0.4,a2_b5_pb0.35_ps0.4,200000,2860185670,796889,ts-admin-basic-info-service|ts-admin-travel-service|ts-assurance-service|ts-auth-service|ts-basic-service|ts-config-service|ts-consign-price-service|ts-consign-service|ts-contacts-service|ts-food-map-service|ts-food-service|ts-inside-payment-service|ts-order-other-service|ts-order-service|ts-payment-service|ts-preserve-other-service|ts-preserve-service|ts-price-service|ts-route-service|ts-seat-service|ts-security-service|ts-station-service|ts-ticketinfo-service|ts-train-service|ts-travel-service|ts-travel2-service|ts-user-service,26,55,False,ts-assurance-service|ts-config-service|ts-contacts-service|ts-food-service|ts-order-other-service|ts-order-service|ts-price-service|ts-route-service|ts-seat-service|ts-security-service|ts-station-service|ts-ticketinfo-service|ts-train-service|ts-travel-service|ts-travel2-service|ts-user-service,1706135598,28,True,4,24,1,0.001117296322378267,4.0,1.0,6.0,3.0,3.0,4.0,2.0,1.0,4.0,3.0,3.0,2.0,4.0,1.0,6.0,3.0,3.0,4.0,6.17
TT,TT/ts-travel-service_cpu/3,/home/user/data/RE2/RE2-TT/ts-travel-service_cpu/3,ts-travel-service,cpu,2,5,0.35,0.4,a2_b5_pb0.35_ps0.4,200000,227582905,799550,ts-admin-basic-info-service|ts-admin-travel-service|ts-assurance-service|ts-auth-service|ts-basic-service|ts-config-service|ts-consign-price-service|ts-consign-service|ts-contacts-service|ts-food-map-service|ts-food-service|ts-inside-payment-service|ts-order-other-service|ts-order-service|ts-payment-service|ts-preserve-other-service|ts-preserve-service|ts-price-service|ts-route-service|ts-seat-service|ts-security-service|ts-station-service|ts-ticketinfo-service|ts-train-service|ts-travel-service|ts-travel2-service|ts-user-service,26,55,False,ts-assurance-service|ts-config-service|ts-contacts-service|ts-food-service|ts-order-other-service|ts-order-service|ts-price-service|ts-route-service|ts-seat-service|ts-security-service|ts-station-service|ts-ticketinfo-service|ts-train-service|ts-travel-service|ts-travel2-service|ts-user-service,1706137144,28,True,3,24,1,0.0011172828522245386,5.0,1.0,7.0,3.0,3.0,5.0,2.0,1.0,4.0,3.0,3.0,2.0,5.0,1.0,7.0,3.0,3.0,5.0,6.06
TT,TT/ts-travel-service_delay/1,/home/user/data/RE2/RE2-TT/ts-travel-service_delay/1,ts-travel-service,delay,2,5,0.35,0.4,a2_b5_pb0.35_ps0.4,200000,1195849846,929570,ts-admin-basic-info-service|ts-admin-travel-service|ts-assurance-service|ts-auth-service|ts-basic-service|ts-config-service|ts-consign-price-service|ts-consign-service|ts-contacts-service|ts-food-map-service|ts-food-service|ts-inside-payment-service|ts-order-other-service|ts-order-service|ts-payment-service|ts-preserve-other-service|ts-preserve-service|ts-price-service|ts-route-service|ts-seat-service|ts-security-service|ts-station-service|ts-ticketinfo-service|ts-train-service|ts-travel-service|ts-travel2-service|ts-user-service,26,55,False,ts-assurance-service|ts-config-service|ts-contacts-service|ts-food-service|ts-order-other-service|ts-order-service|ts-price-service|ts-route-service|ts-seat-service|ts-security-service|ts-station-service|ts-ticketinfo-service|ts-train-service|ts-travel-service|ts-travel2-service|ts-user-service,1706013574,28,True,3,24,1,0.0011174172765243072,5.0,1.0,7.0,3.0,3.0,5.0,2.0,1.0,4.0,3.0,3.0,2.0,4.0,1.0,6.0,3.0,3.0,4.0,7.01
TT,TT/ts-travel-service_delay/2,/home/user/data/RE2/RE2-TT/ts-travel-service_delay/2,ts-travel-service,delay,2,5,0.35,0.4,a2_b5_pb0.35_ps0.4,200000,2617382463,824619,ts-admin-basic-info-service|ts-admin-travel-service|ts-assurance-service|ts-auth-service|ts-basic-service|ts-config-service|ts-consign-price-service|ts-consign-service|ts-contacts-service|ts-food-map-service|ts-food-service|ts-inside-payment-service|ts-order-other-service|ts-order-service|ts-payment-service|ts-preserve-other-service|ts-preserve-service|ts-price-service|ts-route-service|ts-seat-service|ts-security-service|ts-station-service|ts-ticketinfo-service|ts-train-service|ts-travel-service|ts-travel2-service|ts-user-service,26,55,False,ts-assurance-service|ts-config-service|ts-contacts-service|ts-food-service|ts-order-other-service|ts-order-service|ts-price-service|ts-route-service|ts-seat-service|ts-security-service|ts-station-service|ts-ticketinfo-service|ts-train-service|ts-travel-service|ts-travel2-service|ts-user-service,1706151818,28,True,2,24,1,0.0011173415233826226,6.0,1.0,8.0,3.0,3.0,6.0,3.0,1.0,5.0,3.0,3.0,3.0,5.0,1.0,7.0,3.0,3.0,5.0,5.63
TT,TT/ts-travel-service_delay/3,/home/user/data/RE2/RE2-TT/ts-travel-service_delay/3,ts-travel-service,delay,2,5,0.35,0.4,a2_b5_pb0.35_ps0.4,200000,1201780976,947781,ts-admin-basic-info-service|ts-admin-travel-service|ts-assurance-service|ts-auth-service|ts-basic-service|ts-config-service|ts-consign-price-service|ts-consign-service|ts-contacts-service|ts-food-map-service|ts-food-service|ts-inside-payment-service|ts-order-other-service|ts-order-service|ts-payment-service|ts-preserve-other-service|ts-preserve-service|ts-price-service|ts-route-service|ts-seat-service|ts-security-service|ts-station-service|ts-ticketinfo-service|ts-train-service|ts-travel-service|ts-travel2-service|ts-user-service,26,55,False,ts-assurance-service|ts-config-service|ts-contacts-service|ts-food-service|ts-order-other-service|ts-order-service|ts-price-service|ts-route-service|ts-seat-service|ts-security-service|ts-station-service|ts-ticketinfo-service|ts-train-service|ts-travel-service|ts-travel2-service|ts-user-service,1706153370,28,True,1,24,1,0.00111741206449322,8.0,1.0,10.0,3.0,3.0,8.0,2.0,1.0,4.0,3.0,3.0,2.0,6.0,1.0,8.0,3.0,3.0,6.0,6.19
TT,TT/ts-travel-service_disk/1,/home/user/data/RE2/RE2-TT/ts-travel-service_disk/1,ts-travel-service,disk,2,5,0.35,0.4,a2_b5_pb0.35_ps0.4,200000,2817584791,898401,ts-admin-basic-info-service|ts-admin-travel-service|ts-assurance-service|ts-auth-service|ts-basic-service|ts-config-service|ts-consign-price-service|ts-consign-service|ts-contacts-service|ts-food-map-service|ts-food-service|ts-inside-payment-service|ts-order-other-service|ts-order-service|ts-payment-service|ts-preserve-other-service|ts-preserve-service|ts-price-service|ts-route-service|ts-seat-service|ts-security-service|ts-station-service|ts-ticketinfo-service|ts-train-service|ts-travel-service|ts-travel2-service|ts-user-service,26,55,False,ts-assurance-service|ts-config-service|ts-contacts-service|ts-food-service|ts-order-other-service|ts-order-service|ts-price-service|ts-route-service|ts-seat-service|ts-security-service|ts-station-service|ts-ticketinfo-service|ts-train-service|ts-travel-service|ts-travel2-service|ts-user-service,1706012083,28,True,5,24,1,0.0011173268805501817,7.0,1.0,9.0,3.0,3.0,7.0,6.0,1.0,8.0,3.0,3.0,6.0,7.0,1.0,9.0,3.0,3.0,7.0,6.1
TT,TT/ts-travel-service_disk/2,/home/user/data/RE2/RE2-TT/ts-travel-service_disk/2,ts-travel-service,disk,2,5,0.35,0.4,a2_b5_pb0.35_ps0.4,200000,3714345974,166981,ts-admin-basic-info-service|ts-admin-travel-service|ts-assurance-service|ts-auth-service|ts-basic-service|ts-config-service|ts-consign-price-service|ts-consign-service|ts-food-map-service|ts-food-service|ts-inside-payment-service|ts-order-other-service|ts-order-service|ts-payment-service|ts-price-service|ts-route-service|ts-station-service|ts-ticketinfo-service|ts-train-service|ts-travel-service|ts-travel2-service,19,21,True,ts-route-service|ts-station-service|ts-ticketinfo-service|ts-train-service|ts-travel-service,1706143230,21,True,20,19,0,0.0011177841363608628,4.0,1.0,4.0,1.0,1.0,4.0,16.0,1.0,16.0,1.0,1.0,16.0,4.0,1.0,4.0,1.0,1.0,4.0,1.44
TT,TT/ts-travel-service_disk/3,/home/user/data/RE2/RE2-TT/ts-travel-service_disk/3,ts-travel-service,disk,2,5,0.35,0.4,a2_b5_pb0.35_ps0.4,200000,3799888483,166242,ts-admin-basic-info-service|ts-admin-travel-service|ts-assurance-service|ts-auth-service|ts-basic-service|ts-config-service|ts-consign-price-service|ts-consign-service|ts-food-map-service|ts-food-service|ts-inside-payment-service|ts-order-other-service|ts-order-service|ts-price-service|ts-route-service|ts-station-service|ts-ticketinfo-service|ts-train-service|ts-travel-service|ts-travel2-service,18,20,True,ts-route-service|ts-station-service|ts-ticketinfo-service|ts-train-service|ts-travel-service,1706144777,21,True,1,18,0,0.0011178351289434414,1.0,1.0,1.0,1.0,1.0,1.0,1.0,1.0,1.0,1.0,1.0,1.0,1.0,1.0,1.0,1.0,1.0,1.0,1.42
TT,TT/ts-travel-service_loss/1,/home/user/data/RE2/RE2-TT/ts-travel-service_loss/1,ts-travel-service,loss,2,5,0.35,0.4,a2_b5_pb0.35_ps0.4,200000,2471798906,877130,ts-admin-basic-info-service|ts-admin-travel-service|ts-assurance-service|ts-auth-service|ts-basic-service|ts-config-service|ts-consign-price-service|ts-consign-service|ts-contacts-service|ts-food-map-service|ts-food-service|ts-inside-payment-service|ts-order-other-service|ts-order-service|ts-payment-service|ts-preserve-other-service|ts-preserve-service|ts-price-service|ts-route-service|ts-seat-service|ts-security-service|ts-station-service|ts-ticketinfo-service|ts-train-service|ts-travel-service|ts-travel2-service|ts-user-service,26,55,False,ts-assurance-service|ts-config-service|ts-contacts-service|ts-food-service|ts-order-other-service|ts-order-service|ts-price-service|ts-route-service|ts-seat-service|ts-security-service|ts-station-service|ts-ticketinfo-service|ts-train-service|ts-travel-service|ts-travel2-service|ts-user-service,1708454598,28,True,4,24,1,0.0011172106689765365,5.0,1.0,7.0,3.0,3.0,5.0,3.0,1.0,5.0,3.0,3.0,3.0,5.0,1.0,7.0,3.0,3.0,5.0,6.31
TT,TT/ts-travel-service_loss/2,/home/user/data/RE2/RE2-TT/ts-travel-service_loss/2,ts-travel-service,loss,2,5,0.35,0.4,a2_b5_pb0.35_ps0.4,200000,2454320489,1213089,ts-admin-basic-info-service|ts-admin-travel-service|ts-assurance-service|ts-auth-service|ts-basic-service|ts-config-service|ts-consign-price-service|ts-consign-service|ts-contacts-service|ts-food-map-service|ts-food-service|ts-inside-payment-service|ts-order-other-service|ts-order-service|ts-payment-service|ts-preserve-other-service|ts-preserve-service|ts-price-service|ts-route-service|ts-seat-service|ts-security-service|ts-station-service|ts-ticketinfo-service|ts-train-service|ts-travel-service|ts-travel2-service|ts-user-service,26,55,False,ts-assurance-service|ts-config-service|ts-contacts-service|ts-food-service|ts-order-other-service|ts-order-service|ts-price-service|ts-route-service|ts-seat-service|ts-security-service|ts-station-service|ts-ticketinfo-service|ts-train-service|ts-travel-service|ts-travel2-service|ts-user-service,1706154918,28,True,3,24,1,0.0011174692566240916,7.0,1.0,9.0,3.0,3.0,7.0,2.0,1.0,4.0,3.0,3.0,2.0,7.0,1.0,9.0,3.0,3.0,7.0,8.15
TT,TT/ts-travel-service_loss/3,/home/user/data/RE2/RE2-TT/ts-travel-service_loss/3,ts-travel-service,loss,2,5,0.35,0.4,a2_b5_pb0.35_ps0.4,200000,1442463278,1020066,ts-admin-basic-info-service|ts-admin-travel-service|ts-assurance-service|ts-auth-service|ts-basic-service|ts-config-service|ts-consign-price-service|ts-consign-service|ts-contacts-service|ts-food-map-service|ts-food-service|ts-inside-payment-service|ts-order-other-service|ts-order-service|ts-payment-service|ts-preserve-other-service|ts-preserve-service|ts-price-service|ts-route-service|ts-seat-service|ts-security-service|ts-station-service|ts-ticketinfo-service|ts-train-service|ts-travel-service|ts-travel2-service|ts-user-service,26,55,False,ts-assurance-service|ts-config-service|ts-contacts-service|ts-food-service|ts-order-other-service|ts-order-service|ts-price-service|ts-route-service|ts-seat-service|ts-security-service|ts-station-service|ts-ticketinfo-service|ts-train-service|ts-travel-service|ts-travel2-service|ts-user-service,1708456140,28,True,4,24,1,0.0011174265291284255,3.0,1.0,5.0,3.0,3.0,3.0,1.0,1.0,3.0,3.0,3.0,1.0,3.0,1.0,5.0,3.0,3.0,3.0,7.09
TT,TT/ts-travel-service_mem/1,/home/user/data/RE2/RE2-TT/ts-travel-service_mem/1,ts-travel-service,mem,2,5,0.35,0.4,a2_b5_pb0.35_ps0.4,200000,4246466833,825431,ts-admin-basic-info-service|ts-admin-travel-service|ts-assurance-service|ts-auth-service|ts-basic-service|ts-config-service|ts-consign-price-service|ts-consign-service|ts-contacts-service|ts-food-map-service|ts-food-service|ts-inside-payment-service|ts-order-other-service|ts-order-service|ts-payment-service|ts-preserve-other-service|ts-preserve-service|ts-price-service|ts-route-service|ts-seat-service|ts-security-service|ts-station-service|ts-ticketinfo-service|ts-train-service|ts-travel-service|ts-travel2-service|ts-user-service,26,55,False,ts-assurance-service|ts-config-service|ts-contacts-service|ts-food-service|ts-order-other-service|ts-order-service|ts-price-service|ts-route-service|ts-seat-service|ts-security-service|ts-station-service|ts-ticketinfo-service|ts-train-service|ts-travel-service|ts-travel2-service|ts-user-service,1706202000,28,True,3,24,1,0.0011173264826696806,6.0,1.0,8.0,3.0,3.0,6.0,2.0,1.0,4.0,3.0,3.0,2.0,6.0,1.0,8.0,3.0,3.0,6.0,5.96
TT,TT/ts-travel-service_mem/2,/home/user/data/RE2/RE2-TT/ts-travel-service_mem/2,ts-travel-service,mem,2,5,0.35,0.4,a2_b5_pb0.35_ps0.4,200000,1670280115,887067,ts-admin-basic-info-service|ts-admin-travel-service|ts-assurance-service|ts-auth-service|ts-basic-service|ts-config-service|ts-consign-price-service|ts-consign-service|ts-contacts-service|ts-food-map-service|ts-food-service|ts-inside-payment-service|ts-order-other-service|ts-order-service|ts-payment-service|ts-preserve-other-service|ts-preserve-service|ts-price-service|ts-route-service|ts-seat-service|ts-security-service|ts-station-service|ts-ticketinfo-service|ts-train-service|ts-travel-service|ts-travel2-service|ts-user-service,26,55,False,ts-assurance-service|ts-config-service|ts-contacts-service|ts-food-service|ts-order-other-service|ts-order-service|ts-price-service|ts-route-service|ts-seat-service|ts-security-service|ts-station-service|ts-ticketinfo-service|ts-train-service|ts-travel-service|ts-travel2-service|ts-user-service,1706203551,28,True,2,24,1,0.0011174585415128385,7.0,1.0,9.0,3.0,3.0,7.0,2.0,1.0,4.0,3.0,3.0,2.0,7.0,1.0,9.0,3.0,3.0,7.0,6.1
TT,TT/ts-travel-service_mem/3,/home/user/data/RE2/RE2-TT/ts-travel-service_mem/3,ts-travel-service,mem,2,5,0.35,0.4,a2_b5_pb0.35_ps0.4,200000,1059094688,587772,ts-admin-basic-info-service|ts-admin-travel-service|ts-assurance-service|ts-auth-service|ts-basic-service|ts-config-service|ts-consign-price-service|ts-consign-service|ts-contacts-service|ts-food-map-service|ts-food-service|ts-inside-payment-service|ts-order-other-service|ts-order-service|ts-payment-service|ts-preserve-other-service|ts-preserve-service|ts-price-service|ts-route-service|ts-seat-service|ts-security-service|ts-station-service|ts-ticketinfo-service|ts-train-service|ts-travel-service|ts-travel2-service|ts-user-service,26,55,False,ts-assurance-service|ts-config-service|ts-contacts-service|ts-food-service|ts-order-other-service|ts-order-service|ts-price-service|ts-route-service|ts-seat-service|ts-security-service|ts-station-service|ts-ticketinfo-service|ts-train-service|ts-travel-service|ts-travel2-service|ts-user-service,1706207458,28,True,2,24,1,0.0011174875907588415,3.0,1.0,5.0,3.0,3.0,3.0,2.0,1.0,4.0,3.0,3.0,2.0,3.0,1.0,5.0,3.0,3.0,3.0,4.55
TT,TT/ts-travel-service_socket/1,/home/user/data/RE2/RE2-TT/ts-travel-service_socket/1,ts-travel-service,socket,2,5,0.35,0.4,a2_b5_pb0.35_ps0.4,200000,3924323345,163434,ts-admin-basic-info-service|ts-admin-travel-service|ts-assurance-service|ts-auth-service|ts-basic-service|ts-config-service|ts-consign-price-service|ts-consign-service|ts-food-map-service|ts-food-service|ts-inside-payment-service|ts-order-other-service|ts-order-service|ts-price-service|ts-route-service|ts-station-service|ts-ticketinfo-service|ts-train-service|ts-travel-service|ts-travel2-service,18,20,True,ts-route-service|ts-station-service|ts-ticketinfo-service|ts-train-service|ts-travel-service,1706146324,21,True,1,18,0,0.0011177415639918736,3.0,1.0,3.0,1.0,1.0,3.0,1.0,1.0,1.0,1.0,1.0,1.0,3.0,1.0,3.0,1.0,1.0,3.0,1.38
TT,TT/ts-travel-service_socket/2,/home/user/data/RE2/RE2-TT/ts-travel-service_socket/2,ts-travel-service,socket,2,5,0.35,0.4,a2_b5_pb0.35_ps0.4,200000,3160352716,670824,ts-admin-basic-info-service|ts-admin-travel-service|ts-assurance-service|ts-auth-service|ts-basic-service|ts-config-service|ts-consign-price-service|ts-consign-service|ts-contacts-service|ts-food-map-service|ts-food-service|ts-inside-payment-service|ts-order-other-service|ts-order-service|ts-payment-service|ts-preserve-other-service|ts-preserve-service|ts-price-service|ts-route-service|ts-seat-service|ts-security-service|ts-station-service|ts-ticketinfo-service|ts-train-service|ts-travel-service|ts-travel2-service|ts-user-service,26,55,False,ts-assurance-service|ts-config-service|ts-contacts-service|ts-food-service|ts-order-other-service|ts-order-service|ts-price-service|ts-route-service|ts-seat-service|ts-security-service|ts-station-service|ts-ticketinfo-service|ts-train-service|ts-travel-service|ts-travel2-service|ts-user-service,1706148724,28,True,1,24,1,0.0011173356055814206,4.0,1.0,6.0,3.0,3.0,4.0,2.0,1.0,4.0,3.0,3.0,2.0,4.0,1.0,6.0,3.0,3.0,4.0,5.44
TT,TT/ts-travel-service_socket/3,/home/user/data/RE2/RE2-TT/ts-travel-service_socket/3,ts-travel-service,socket,2,5,0.35,0.4,a2_b5_pb0.35_ps0.4,200000,666959923,783847,ts-admin-basic-info-service|ts-admin-travel-service|ts-assurance-service|ts-auth-service|ts-basic-service|ts-config-service|ts-consign-price-service|ts-consign-service|ts-contacts-service|ts-food-map-service|ts-food-service|ts-inside-payment-service|ts-order-other-service|ts-order-service|ts-payment-service|ts-preserve-other-service|ts-preserve-service|ts-price-service|ts-route-service|ts-seat-service|ts-security-service|ts-station-service|ts-ticketinfo-service|ts-train-service|ts-travel-service|ts-travel2-service|ts-user-service,26,55,False,ts-assurance-service|ts-config-service|ts-contacts-service|ts-food-service|ts-order-other-service|ts-order-service|ts-price-service|ts-route-service|ts-seat-service|ts-security-service|ts-station-service|ts-ticketinfo-service|ts-train-service|ts-travel-service|ts-travel2-service|ts-user-service,1706150271,28,True,1,24,1,0.0011173780344516354,7.0,1.0,9.0,3.0,3.0,7.0,5.0,1.0,7.0,3.0,3.0,5.0,6.0,1.0,8.0,3.0,3.0,6.0,5.55
OB,OB/checkoutservice_cpu/1,/home/user/data/RE2/RE2-OB/checkoutservice_cpu/1,checkoutservice,cpu,1,1,0.35,0.4,a1_b1_pb0.35_ps0.4,200000,3207496504,391997,checkoutservice|currencyservice|emailservice|frontendservice|paymentservice|productcatalogservice|recommendationservice,7,9,True,currencyservice|productcatalogservice,1705354566,10,True,7,7,0,0.0011125937258833522,5.0,2.0,5.0,1.0,2.0,4.5,5.0,1.0,5.0,1.0,1.0,5.0,5.0,2.0,5.0,1.0,2.0,4.5,2.17
OB,OB/checkoutservice_cpu/2,/home/user/data/RE2/RE2-OB/checkoutservice_cpu/2,checkoutservice,cpu,1,1,0.35,0.4,a1_b1_pb0.35_ps0.4,200000,2490766457,199960,checkoutservice|currencyservice|emailservice|frontendservice|paymentservice|productcatalogservice|recommendationservice,7,9,True,currencyservice|productcatalogservice,1708475361,10,True,1,7,0,0.0011129603398144967,5.0,1.0,5.0,1.0,1.0,5.0,2.0,1.0,2.0,1.0,1.0,2.0,5.0,1.0,5.0,1.0,1.0,5.0,1.09
OB,OB/checkoutservice_cpu/3,/home/user/data/RE2/RE2-OB/checkoutservice_cpu/3,checkoutservice,cpu,1,1,0.35,0.4,a1_b1_pb0.35_ps0.4,200000,3612258416,408211,checkoutservice|currencyservice|emailservice|frontendservice|paymentservice|productcatalogservice|recommendationservice,7,9,True,currencyservice|productcatalogservice,1705623539,10,True,1,7,0,0.0011128723194958172,4.0,1.0,4.0,1.0,1.0,4.0,1.0,1.0,1.0,1.0,1.0,1.0,4.0,1.0,4.0,1.0,1.0,4.0,2.44
OB,OB/checkoutservice_delay/1,/home/user/data/RE2/RE2-OB/checkoutservice_delay/1,checkoutservice,delay,1,1,0.35,0.4,a1_b1_pb0.35_ps0.4,200000,2802356929,405229,checkoutservice|currencyservice|emailservice|frontendservice|paymentservice|productcatalogservice|recommendationservice,7,9,True,currencyservice|productcatalogservice,1705666511,10,True,4,7,0,0.0011126235731369347,4.0,1.0,4.0,1.0,1.0,4.0,3.0,1.0,3.0,1.0,1.0,3.0,4.0,1.0,4.0,1.0,1.0,4.0,2.15
OB,OB/checkoutservice_delay/2,/home/user/data/RE2/RE2-OB/checkoutservice_delay/2,checkoutservice,delay,1,1,0.35,0.4,a1_b1_pb0.35_ps0.4,200000,2423175838,402454,checkoutservice|currencyservice|emailservice|frontendservice|paymentservice|productcatalogservice|recommendationservice,7,9,True,currencyservice|productcatalogservice,1705668921,10,True,4,7,0,0.0011126742335472678,4.0,1.0,4.0,1.0,1.0,4.0,3.0,1.0,3.0,1.0,1.0,3.0,4.0,1.0,4.0,1.0,1.0,4.0,2.0
OB,OB/checkoutservice_delay/3,/home/user/data/RE2/RE2-OB/checkoutservice_delay/3,checkoutservice,delay,1,1,0.35,0.4,a1_b1_pb0.35_ps0.4,200000,3696177465,404907,checkoutservice|currencyservice|emailservice|frontendservice|paymentservice|productcatalogservice|recommendationservice,7,9,True,currencyservice|productcatalogservice,1705671342,10,True,4,7,0,0.0011127421352227118,3.0,1.0,3.0,1.0,1.0,3.0,3.0,1.0,3.0,1.0,1.0,3.0,3.0,1.0,3.0,1.0,1.0,3.0,2.29
OB,OB/checkoutservice_disk/1,/home/user/data/RE2/RE2-OB/checkoutservice_disk/1,checkoutservice,disk,1,1,0.35,0.4,a1_b1_pb0.35_ps0.4,200000,4016799725,391053,checkoutservice|currencyservice|emailservice|frontendservice|paymentservice|productcatalogservice|recommendationservice,7,9,True,currencyservice|productcatalogservice,1705373910,10,True,1,7,0,0.0011129153514531102,5.0,1.0,5.0,1.0,1.0,5.0,3.0,1.0,3.0,1.0,1.0,3.0,5.0,1.0,5.0,1.0,1.0,5.0,2.1
OB,OB/checkoutservice_disk/2,/home/user/data/RE2/RE2-OB/checkoutservice_disk/2,checkoutservice,disk,1,1,0.35,0.4,a1_b1_pb0.35_ps0.4,200000,1770849014,407608,checkoutservice|currencyservice|emailservice|frontendservice|paymentservice|productcatalogservice|recommendationservice,7,9,True,currencyservice|productcatalogservice,1705765528,10,True,1,7,0,0.0011127268406936179,5.0,1.0,5.0,1.0,1.0,5.0,3.0,1.0,3.0,1.0,1.0,3.0,5.0,1.0,5.0,1.0,1.0,5.0,2.07
OB,OB/checkoutservice_disk/3,/home/user/data/RE2/RE2-OB/checkoutservice_disk/3,checkoutservice,disk,1,1,0.35,0.4,a1_b1_pb0.35_ps0.4,200000,669380089,410342,checkoutservice|currencyservice|emailservice|frontendservice|paymentservice|productcatalogservice|recommendationservice,7,9,True,currencyservice|productcatalogservice,1705767825,10,True,1,7,0,0.00111289493388864,4.0,1.0,4.0,1.0,1.0,4.0,2.0,1.0,2.0,1.0,1.0,2.0,4.0,1.0,4.0,1.0,1.0,4.0,2.14
OB,OB/checkoutservice_loss/1,/home/user/data/RE2/RE2-OB/checkoutservice_loss/1,checkoutservice,loss,1,1,0.35,0.4,a1_b1_pb0.35_ps0.4,200000,4061615025,385793,checkoutservice|currencyservice|emailservice|frontendservice|paymentservice|productcatalogservice|recommendationservice,7,9,True,currencyservice|productcatalogservice,1705376266,10,True,1,7,0,0.0011127606772684772,4.0,1.0,4.0,1.0,1.0,4.0,3.0,1.0,3.0,1.0,1.0,3.0,4.0,1.0,4.0,1.0,1.0,4.0,1.93
OB,OB/checkoutservice_loss/2,/home/user/data/RE2/RE2-OB/checkoutservice_loss/2,checkoutservice,loss,1,1,0.35,0.4,a1_b1_pb0.35_ps0.4,200000,236272879,406092,checkoutservice|currencyservice|emailservice|frontendservice|paymentservice|productcatalogservice|recommendationservice,7,9,True,currencyservice|productcatalogservice,1705673762,10,True,1,7,0,0.0011125615755993013,4.0,1.0,4.0,1.0,1.0,4.0,3.0,1.0,3.0,1.0,1.0,3.0,4.0,1.0,4.0,1.0,1.0,4.0,2.11
OB,OB/checkoutservice_loss/3,/home/user/data/RE2/RE2-OB/checkoutservice_loss/3,checkoutservice,loss,1,1,0.35,0.4,a1_b1_pb0.35_ps0.4,200000,557764937,402659,checkoutservice|currencyservice|emailservice|frontendservice|paymentservice|productcatalogservice|recommendationservice,7,9,True,currencyservice|productcatalogservice,1708489141,10,True,1,7,0,0.001112591511685668,5.0,1.0,5.0,1.0,1.0,5.0,3.0,1.0,3.0,1.0,1.0,3.0,5.0,1.0,5.0,1.0,1.0,5.0,2.05
OB,OB/checkoutservice_mem/1,/home/user/data/RE2/RE2-OB/checkoutservice_mem/1,checkoutservice,mem,1,1,0.35,0.4,a1_b1_pb0.35_ps0.4,200000,3959848008,405917,checkoutservice|currencyservice|emailservice|frontendservice|paymentservice|productcatalogservice|recommendationservice,7,9,True,currencyservice|productcatalogservice,1705462070,10,True,1,7,0,0.0011125815421801676,5.0,1.0,5.0,1.0,1.0,5.0,2.0,1.0,2.0,1.0,1.0,2.0,5.0,1.0,5.0,1.0,1.0,5.0,2.13
OB,OB/checkoutservice_mem/2,/home/user/data/RE2/RE2-OB/checkoutservice_mem/2,checkoutservice,mem,1,1,0.35,0.4,a1_b1_pb0.35_ps0.4,200000,3645197962,327148,checkoutservice|currencyservice|emailservice|frontendservice|paymentservice|productcatalogservice|recommendationservice,7,9,True,currencyservice|productcatalogservice,1705626077,10,True,1,7,0,0.0011126290913305295,5.0,1.0,5.0,1.0,1.0,5.0,2.0,1.0,2.0,1.0,1.0,2.0,5.0,1.0,5.0,1.0,1.0,5.0,1.63
OB,OB/checkoutservice_mem/3,/home/user/data/RE2/RE2-OB/checkoutservice_mem/3,checkoutservice,mem,1,1,0.35,0.4,a1_b1_pb0.35_ps0.4,200000,1146690082,408171,checkoutservice|currencyservice|emailservice|frontendservice|paymentservice|productcatalogservice|recommendationservice,7,9,True,currencyservice|productcatalogservice,1705627856,10,True,1,7,0,0.0011126401192097111,5.0,1.0,5.0,1.0,1.0,5.0,2.0,1.0,2.0,1.0,1.0,2.0,5.0,1.0,5.0,1.0,1.0,5.0,2.15
OB,OB/checkoutservice_socket/1,/home/user/data/RE2/RE2-OB/checkoutservice_socket/1,checkoutservice,socket,1,1,0.35,0.4,a1_b1_pb0.35_ps0.4,200000,985613112,404289,checkoutservice|currencyservice|emailservice|frontendservice|paymentservice|productcatalogservice|recommendationservice,7,9,True,currencyservice|productcatalogservice,1705656313,10,True,1,7,0,0.0011128680063242002,5.0,1.0,5.0,1.0,1.0,5.0,2.0,1.0,2.0,1.0,1.0,2.0,5.0,1.0,5.0,1.0,1.0,5.0,2.07
OB,OB/checkoutservice_socket/2,/home/user/data/RE2/RE2-OB/checkoutservice_socket/2,checkoutservice,socket,1,1,0.35,0.4,a1_b1_pb0.35_ps0.4,200000,1517882394,404599,checkoutservice|currencyservice|emailservice|frontendservice|paymentservice|productcatalogservice|recommendationservice,7,9,True,currencyservice|productcatalogservice,1705660355,10,True,2,7,0,0.0011125637959236315,3.0,1.0,3.0,1.0,1.0,3.0,2.0,1.0,2.0,1.0,1.0,2.0,3.0,1.0,3.0,1.0,1.0,3.0,2.06
OB,OB/checkoutservice_socket/3,/home/user/data/RE2/RE2-OB/checkoutservice_socket/3,checkoutservice,socket,1,1,0.35,0.4,a1_b1_pb0.35_ps0.4,200000,989607457,408384,checkoutservice|currencyservice|emailservice|frontendservice|paymentservice|productcatalogservice|recommendationservice,7,9,True,currencyservice|productcatalogservice,1705664091,10,True,1,7,0,0.0011128755531841824,4.0,1.0,4.0,1.0,1.0,4.0,2.0,1.0,2.0,1.0,1.0,2.0,4.0,1.0,4.0,1.0,1.0,4.0,2.19
OB,OB/currencyservice_cpu/1,/home/user/data/RE2/RE2-OB/currencyservice_cpu/1,currencyservice,cpu,1,1,0.35,0.4,a1_b1_pb0.35_ps0.4,200000,3295010053,401542,checkoutservice|currencyservice|emailservice|frontendservice|paymentservice|productcatalogservice|recommendationservice,7,9,True,currencyservice|productcatalogservice,1705682817,10,True,3,7,0,0.0011127323055771321,1.0,1.0,1.0,1.0,1.0,1.0,1.0,1.0,1.0,1.0,1.0,1.0,1.0,1.0,1.0,1.0,1.0,1.0,1.99
OB,OB/currencyservice_cpu/2,/home/user/data/RE2/RE2-OB/currencyservice_cpu/2,currencyservice,cpu,1,1,0.35,0.4,a1_b1_pb0.35_ps0.4,200000,480543783,401017,checkoutservice|currencyservice|emailservice|frontendservice|paymentservice|productcatalogservice|recommendationservice,7,9,True,currencyservice|productcatalogservice,1705685216,10,True,4,7,0,0.0011126235731369347,1.0,1.0,1.0,1.0,1.0,1.0,1.0,1.0,1.0,1.0,1.0,1.0,1.0,1.0,1.0,1.0,1.0,1.0,2.18
OB,OB/currencyservice_cpu/3,/home/user/data/RE2/RE2-OB/currencyservice_cpu/3,currencyservice,cpu,1,1,0.35,0.4,a1_b1_pb0.35_ps0.4,200000,572591700,403800,checkoutservice|currencyservice|emailservice|frontendservice|paymentservice|productcatalogservice|recommendationservice,7,9,True,currencyservice|productcatalogservice,1705687618,10,True,3,7,0,0.001112591511685668,3.0,1.0,3.0,1.0,1.0,3.0,2.0,1.0,2.0,1.0,1.0,2.0,3.0,1.0,3.0,1.0,1.0,3.0,2.68
OB,OB/currencyservice_delay/1,/home/user/data/RE2/RE2-OB/currencyservice_delay/1,currencyservice,delay,1,1,0.35,0.4,a1_b1_pb0.35_ps0.4,200000,3070208442,383583,checkoutservice|currencyservice|emailservice|frontendservice|paymentservice|productcatalogservice|recommendationservice,7,9,True,currencyservice|productcatalogservice,1705702012,10,True,3,7,0,0.001112856135749361,1.0,1.0,1.0,1.0,1.0,1.0,1.0,1.0,1.0,1.0,1.0,1.0,1.0,1.0,1.0,1.0,1.0,1.0,2.18
OB,OB/currencyservice_delay/2,/home/user/data/RE2/RE2-OB/currencyservice_delay/2,currencyservice,delay,1,1,0.35,0.4,a1_b1_pb0.35_ps0.4,200000,242970605,385915,checkoutservice|currencyservice|emailservice|frontendservice|paymentservice|productcatalogservice|recommendationservice,7,9,True,currencyservice|productcatalogservice,1705704343,10,True,1,7,0,0.0011126368120370636,1.0,1.0,1.0,1.0,1.0,1.0,1.0,1.0,1.0,1.0,1.0,1.0,1.0,1.0,1.0,1.0,1.0,1.0,2.06
OB,OB/currencyservice_delay/3,/home/user/data/RE2/RE2-OB/currencyservice_delay/3,currencyservice,delay,1,1,0.35,0.4,a1_b1_pb0.35_ps0.4,200000,3706041123,379232,checkoutservice|currencyservice|emailservice|frontendservice|paymentservice|productcatalogservice|recommendationservice,7,9,True,currencyservice|productcatalogservice,1705706604,10,True,1,7,0,0.0011124925204242949,1.0,1.0,1.0,1.0,1.0,1.0,1.0,1.0,1.0,1.0,1.0,1.0,1.0,1.0,1.0,1.0,1.0,1.0,1.93
OB,OB/currencyservice_disk/1,/home/user/data/RE2/RE2-OB/currencyservice_disk/1,currencyservice,disk,1,1,0.35,0.4,a1_b1_pb0.35_ps0.4,200000,3146788951,361288,checkoutservice|currencyservice|emailservice|frontendservice|paymentservice|productcatalogservice|recommendationservice,7,9,True,currencyservice|productcatalogservice,1705386669,10,True,1,7,0,0.001112501455279947,1.0,1.0,1.0,1.0,1.0,1.0,1.0,1.0,1.0,1.0,1.0,1.0,1.0,1.0,1.0,1.0,1.0,1.0,2.12
OB,OB/currencyservice_disk/2,/home/user/data/RE2/RE2-OB/currencyservice_disk/2,currencyservice,disk,1,1,0.35,0.4,a1_b1_pb0.35_ps0.4,200000,2416315719,396097,checkoutservice|currencyservice|emailservice|frontendservice|paymentservice|productcatalogservice|recommendationservice,7,9,True,currencyservice|productcatalogservice,1705692434,10,True,3,7,0,0.001112883094489264,1.0,1.0,1.0,1.0,1.0,1.0,1.0,1.0,1.0,1.0,1.0,1.0,1.0,1.0,1.0,1.0,1.0,1.0,2.02
OB,OB/currencyservice_disk/3,/home/user/data/RE2/RE2-OB/currencyservice_disk/3,currencyservice,disk,1,1,0.35,0.4,a1_b1_pb0.35_ps0.4,200000,3799619451,403324,checkoutservice|currencyservice|emailservice|frontendservice|paymentservice|productcatalogservice|recommendationservice,7,9,True,currencyservice|productcatalogservice,1705694833,10,True,3,7,0,0.0011130316931134531,1.0,1.0,1.0,1.0,1.0,1.0,1.0,1.0,1.0,1.0,1.0,1.0,1.0,1.0,1.0,1.0,1.0,1.0,2.1
OB,OB/currencyservice_loss/1,/home/user/data/RE2/RE2-OB/currencyservice_loss/1,currencyservice,loss,1,1,0.35,0.4,a1_b1_pb0.35_ps0.4,200000,1340363711,286200,checkoutservice|currencyservice|emailservice|frontendservice|paymentservice|productcatalogservice|recommendationservice,7,9,True,currencyservice|productcatalogservice,1705388941,10,True,1,7,0,0.0011125048039783917,1.0,1.0,1.0,1.0,1.0,1.0,1.0,1.0,1.0,1.0,1.0,1.0,1.0,1.0,1.0,1.0,1.0,1.0,1.46
OB,OB/currencyservice_loss/2,/home/user/data/RE2/RE2-OB/currencyservice_loss/2,currencyservice,loss,1,1,0.35,0.4,a1_b1_pb0.35_ps0.4,200000,929770076,365309,checkoutservice|currencyservice|emailservice|frontendservice|paymentservice|productcatalogservice|recommendationservice,7,9,True,currencyservice|productcatalogservice,1705708871,10,True,1,7,0,0.0011126202608594722,1.0,1.0,1.0,1.0,1.0,1.0,1.0,1.0,1.0,1.0,1.0,1.0,1.0,1.0,1.0,1.0,1.0,1.0,2.02
OB,OB/currencyservice_loss/3,/home/user/data/RE2/RE2-OB/currencyservice_loss/3,currencyservice,loss,1,1,0.35,0.4,a1_b1_pb0.35_ps0.4,200000,2903903725,354303,checkoutservice|currencyservice|emailservice|frontendservice|paymentservice|productcatalogservice|recommendationservice,7,9,True,currencyservice|productcatalogservice,1705711158,10,True,2,7,0,0.0011127878854480758,1.0,1.0,1.0,1.0,1.0,1.0,1.0,1.0,1.0,1.0,1.0,1.0,1.0,1.0,1.0,1.0,1.0,1.0,2.28
OB,OB/currencyservice_mem/1,/home/user/data/RE2/RE2-OB/currencyservice_mem/1,currencyservice,mem,1,1,0.35,0.4,a1_b1_pb0.35_ps0.4,200000,3883045234,379084,checkoutservice|currencyservice|emailservice|frontendservice|paymentservice|productcatalogservice|recommendationservice,7,9,True,currencyservice|productcatalogservice,1705464519,10,True,1,7,0,0.0011127410434934985,1.0,1.0,1.0,1.0,1.0,1.0,1.0,1.0,1.0,1.0,1.0,1.0,1.0,1.0,1.0,1.0,1.0,1.0,2.08
OB,OB/currencyservice_mem/2,/home/user/data/RE2/RE2-OB/currencyservice_mem/2,currencyservice,mem,1,1,0.35,0.4,a1_b1_pb0.35_ps0.4,200000,3325076852,387124,checkoutservice|currencyservice|emailservice|frontendservice|paymentservice|productcatalogservice|recommendationservice,7,9,True,currencyservice|productcatalogservice,1705749889,10,True,1,7,0,0.0011124835783057653,1.0,1.0,1.0,1.0,1.0,1.0,1.0,1.0,1.0,1.0,1.0,1.0,1.0,1.0,1.0,1.0,1.0,1.0,2.0
OB,OB/currencyservice_mem/3,/home/user/data/RE2/RE2-OB/currencyservice_mem/3,currencyservice,mem,1,1,0.35,0.4,a1_b1_pb0.35_ps0.4,200000,2458571272,385054,checkoutservice|currencyservice|emailservice|frontendservice|paymentservice|productcatalogservice|recommendationservice,7,9,True,currencyservice|productcatalogservice,1705690057,10,True,1,7,0,0.0011128009202009135,1.0,1.0,1.0,1.0,1.0,1.0,1.0,1.0,1.0,1.0,1.0,1.0,1.0,1.0,1.0,1.0,1.0,1.0,2.07
OB,OB/currencyservice_socket/1,/home/user/data/RE2/RE2-OB/currencyservice_socket/1,currencyservice,socket,1,1,0.35,0.4,a1_b1_pb0.35_ps0.4,200000,1709205853,406431,checkoutservice|currencyservice|emailservice|frontendservice|paymentservice|productcatalogservice|recommendationservice,7,9,True,currencyservice|productcatalogservice,1705479661,10,True,3,7,0,0.0011127224667454145,4.0,1.0,4.0,1.0,1.0,4.0,3.0,1.0,3.0,1.0,1.0,3.0,4.0,1.0,4.0,1.0,1.0,4.0,2.26
OB,OB/currencyservice_socket/2,/home/user/data/RE2/RE2-OB/currencyservice_socket/2,currencyservice,socket,1,1,0.35,0.4,a1_b1_pb0.35_ps0.4,200000,3836752463,399964,checkoutservice|currencyservice|emailservice|frontendservice|paymentservice|productcatalogservice|recommendationservice,7,9,True,currencyservice|productcatalogservice,1705697241,10,True,4,7,0,0.001112912130347675,1.0,1.0,1.0,1.0,1.0,1.0,1.0,1.0,1.0,1.0,1.0,1.0,1.0,1.0,1.0,1.0,1.0,1.0,2.29
OB,OB/currencyservice_socket/3,/home/user/data/RE2/RE2-OB/currencyservice_socket/3,currencyservice,socket,1,1,0.35,0.4,a1_b1_pb0.35_ps0.4,200000,1412890900,398334,checkoutservice|currencyservice|emailservice|frontendservice|paymentservice|productcatalogservice|recommendationservice,7,9,True,currencyservice|productcatalogservice,1705699619,10,True,3,7,0,0.0011128312711278382,1.0,1.0,1.0,1.0,1.0,1.0,1.0,1.0,1.0,1.0,1.0,1.0,1.0,1.0,1.0,1.0,1.0,1.0,2.06
OB,OB/emailservice_cpu/1,/home/user/data/RE2/RE2-OB/emailservice_cpu/1,emailservice,cpu,1,1,0.35,0.4,a1_b1_pb0.35_ps0.4,200000,1452297168,392420,checkoutservice|currencyservice|emailservice|frontendservice|paymentservice|productcatalogservice|recommendationservice,7,9,True,currencyservice|productcatalogservice,1705350165,10,True,1,7,0,0.001112777010680936,4.0,1.0,4.0,1.0,1.0,4.0,3.0,1.0,3.0,1.0,1.0,3.0,4.0,1.0,4.0,1.0,1.0,4.0,2.23
OB,OB/emailservice_cpu/2,/home/user/data/RE2/RE2-OB/emailservice_cpu/2,emailservice,cpu,1,1,0.35,0.4,a1_b1_pb0.35_ps0.4,200000,4289302490,410139,checkoutservice|currencyservice|emailservice|frontendservice|paymentservice|productcatalogservice|recommendationservice,7,9,True,currencyservice|productcatalogservice,1705592998,10,True,1,7,0,0.0011126014720015428,1.0,1.0,1.0,1.0,1.0,1.0,1.0,1.0,1.0,1.0,1.0,1.0,1.0,1.0,1.0,1.0,1.0,1.0,2.35
OB,OB/emailservice_cpu/3,/home/user/data/RE2/RE2-OB/emailservice_cpu/3,emailservice,cpu,1,1,0.35,0.4,a1_b1_pb0.35_ps0.4,200000,3642306096,412741,checkoutservice|currencyservice|emailservice|frontendservice|paymentservice|productcatalogservice|recommendationservice,7,9,True,currencyservice|productcatalogservice,1705595469,10,True,1,7,0,0.0011129056850762331,1.0,1.0,1.0,1.0,1.0,1.0,1.0,1.0,1.0,1.0,1.0,1.0,1.0,1.0,1.0,1.0,1.0,1.0,2.27
OB,OB/emailservice_delay/1,/home/user/data/RE2/RE2-OB/emailservice_delay/1,emailservice,delay,1,1,0.35,0.4,a1_b1_pb0.35_ps0.4,200000,52081458,406121,checkoutservice|currencyservice|emailservice|frontendservice|paymentservice|productcatalogservice|recommendationservice,7,9,True,currencyservice|productcatalogservice,1705733346,10,True,1,7,0,0.00111307933140455,1.0,1.0,1.0,1.0,1.0,1.0,1.0,1.0,1.0,1.0,1.0,1.0,1.0,1.0,1.0,1.0,1.0,1.0,2.33
OB,OB/emailservice_delay/2,/home/user/data/RE2/RE2-OB/emailservice_delay/2,emailservice,delay,1,1,0.35,0.4,a1_b1_pb0.35_ps0.4,200000,2029962600,406019,checkoutservice|currencyservice|emailservice|frontendservice|paymentservice|productcatalogservice|recommendationservice,7,9,True,currencyservice|productcatalogservice,1705735702,10,True,1,7,0,0.0011129827590196535,1.0,1.0,1.0,1.0,1.0,1.0,1.0,1.0,1.0,1.0,1.0,1.0,1.0,1.0,1.0,1.0,1.0,1.0,2.34
OB,OB/emailservice_delay/3,/home/user/data/RE2/RE2-OB/emailservice_delay/3,emailservice,delay,1,1,0.35,0.4,a1_b1_pb0.35_ps0.4,200000,1467202660,407306,checkoutservice|currencyservice|emailservice|frontendservice|paymentservice|productcatalogservice|recommendationservice,7,9,True,currencyservice|productcatalogservice,1705738059,10,True,1,7,0,0.0011126014720015428,1.0,1.0,1.0,1.0,1.0,1.0,1.0,1.0,1.0,1.0,1.0,1.0,1.0,1.0,1.0,1.0,1.0,1.0,2.34
OB,OB/emailservice_disk/1,/home/user/data/RE2/RE2-OB/emailservice_disk/1,emailservice,disk,1,1,0.35,0.4,a1_b1_pb0.35_ps0.4,200000,2728252809,387034,checkoutservice|currencyservice|emailservice|frontendservice|paymentservice|productcatalogservice|recommendationservice,7,9,True,currencyservice|productcatalogservice,1705370095,10,True,1,7,0,0.0011128841713651067,2.0,2.0,2.0,1.0,2.0,1.5,1.0,1.0,1.0,1.0,1.0,1.0,2.0,2.0,2.0,1.0,2.0,1.5,1.98
OB,OB/emailservice_disk/2,/home/user/data/RE2/RE2-OB/emailservice_disk/2,emailservice,disk,1,1,0.35,0.4,a1_b1_pb0.35_ps0.4,200000,2781421307,409530,checkoutservice|currencyservice|emailservice|frontendservice|paymentservice|productcatalogservice|recommendationservice,7,9,True,currencyservice|productcatalogservice,1705602964,10,True,1,7,0,0.0011130359369198282,1.0,1.0,1.0,1.0,1.0,1.0,1.0,1.0,1.0,1.0,1.0,1.0,1.0,1.0,1.0,1.0,1.0,1.0,2.12
OB,OB/emailservice_disk/3,/home/user/data/RE2/RE2-OB/emailservice_disk/3,emailservice,disk,1,1,0.35,0.4,a1_b1_pb0.35_ps0.4,200000,2935114870,369748,checkoutservice|currencyservice|emailservice|frontendservice|paymentservice|productcatalogservice|recommendationservice,7,9,True,currencyservice|productcatalogservice,1705719294,10,True,1,7,0,0.0011129912865224956,1.0,1.0,1.0,1.0,1.0,1.0,1.0,1.0,1.0,1.0,1.0,1.0,1.0,1.0,1.0,1.0,1.0,1.0,1.76
