case_dir,system,fault_dir,run,rc_service,fault_type,files,inject_time,has_traces,traces_bytes,n_spans,n_services_traced,services_traced,trace_t0,trace_t1,inject_in_window,n_nodes,n_edges,acyclic,shared,rc_in_graph,orphan_parent_frac,has_simple_metrics,n_latency_cols,metric_services,sm_rows,sm_t0,sm_t1
/home/user/data/RE2/RE2-TT/ts-auth-service_cpu/1,RE2-TT,ts-auth-service_cpu,1,ts-auth-service,cpu,cluster_info.json|inject_time.txt|logts.csv|metrics.csv|metrics_postprocess.log|pod-node-1.csv|pod-node-2.csv|simple_metrics.csv|traces.csv|tracets_err.csv|tracets_lat.csv,1705918105,True,174262891,1143435,27,ts-admin-basic-info-service|ts-admin-travel-service|ts-assurance-service|ts-auth-service|ts-basic-service|ts-config-service|ts-consign-price-service|ts-consign-service|ts-contacts-service|ts-food-map-service|ts-food-service|ts-inside-payment-service|ts-order-other-service|ts-order-service|ts-payment-service|ts-preserve-other-service|ts-preserve-service|ts-price-service|ts-route-service|ts-seat-service|ts-security-service|ts-station-service|ts-ticketinfo-service|ts-train-service|ts-travel-service|ts-travel2-service|ts-user-service,1705917385,1705918825,True,26,55,False,ts-assurance-service|ts-config-service|ts-contacts-service|ts-food-service|ts-order-other-service|ts-order-service|ts-price-service|ts-route-service|ts-seat-service|ts-security-service|ts-station-service|ts-ticketinfo-service|ts-train-service|ts-travel-service|ts-travel2-service|ts-user-service,False,0.0001574690933914884,True,28,ts-admin-basic-info-service|ts-admin-travel-service|ts-assurance-service|ts-auth-service|ts-basic-service|ts-config-service|ts-consign-price-service|ts-consign-service|ts-contacts-service|ts-food-map-service|ts-food-service|ts-inside-payment-service|ts-order-other-service|ts-order-service|ts-payment-service|ts-preserve-other-service|ts-preserve-service|ts-price-service|ts-route-service|ts-seat-service|ts-security-service|ts-station-service|ts-ticketinfo-service|ts-train-service|ts-travel-service|ts-travel2-service|ts-ui-dashboard|ts-user-service,1441,1705917385,1705918825
/home/user/data/RE2/RE2-TT/ts-auth-service_cpu/2,RE2-TT,ts-auth-service_cpu,2,ts-auth-service,cpu,cluster_info.json|inject_time.txt|logts.csv|metrics.csv|metrics_postprocess.log|pod-node-1.csv|pod-node-2.csv|simple_metrics.csv|traces.csv|tracets_err.csv|tracets_lat.csv,1706023611,True,128259258,838936,27,ts-admin-basic-info-service|ts-admin-travel-service|ts-assurance-service|ts-auth-service|ts-basic-service|ts-config-service|ts-consign-price-service|ts-consign-service|ts-contacts-service|ts-food-map-service|ts-food-service|ts-inside-payment-service|ts-order-other-service|ts-order-service|ts-payment-service|ts-preserve-other-service|ts-preserve-service|ts-price-service|ts-route-service|ts-seat-service|ts-security-service|ts-station-service|ts-ticketinfo-service|ts-train-service|ts-travel-service|ts-travel2-service|ts-user-service,1706022891,1706024330,True,26,55,False,ts-assurance-service|ts-config-service|ts-contacts-service|ts-food-service|ts-order-other-service|ts-order-service|ts-price-service|ts-route-service|ts-seat-service|ts-security-service|ts-station-service|ts-ticketinfo-service|ts-train-service|ts-travel-service|ts-travel2-service|ts-user-service,False,0.0,True,28,ts-admin-basic-info-service|ts-admin-travel-service|ts-assurance-service|ts-auth-service|ts-basic-service|ts-config-service|ts-consign-price-service|ts-consign-service|ts-contacts-service|ts-food-map-service|ts-food-service|ts-inside-payment-service|ts-order-other-service|ts-order-service|ts-payment-service|ts-preserve-other-service|ts-preserve-service|ts-price-service|ts-route-service|ts-seat-service|ts-security-service|ts-station-service|ts-ticketinfo-service|ts-train-service|ts-travel-service|ts-travel2-service|ts-ui-dashboard|ts-user-service,1441,1706022891,1706024331
/home/user/data/RE2/RE2-TT/ts-auth-service_cpu/3,RE2-TT,ts-auth-service_cpu,3,ts-auth-service,cpu,cluster_info.json|inject_time.txt|logts.csv|metrics.csv|metrics_postprocess.log|pod-node-1.csv|pod-node-2.csv|simple_metrics.csv|traces.csv|tracets_err.csv|tracets_lat.csv,1706025155,True,137201604,898363,27,ts-admin-basic-info-service|ts-admin-travel-service|ts-assurance-service|ts-auth-service|ts-basic-service|ts-config-service|ts-consign-price-service|ts-consign-service|ts-contacts-service|ts-food-map-service|ts-food-service|ts-inside-payment-service|ts-order-other-service|ts-order-service|ts-payment-service|ts-preserve-other-service|ts-preserve-service|ts-price-service|ts-route-service|ts-seat-service|ts-security-service|ts-station-service|ts-ticketinfo-service|ts-train-service|ts-travel-service|ts-travel2-service|ts-user-service,1706024435,1706025874,True,26,55,False,ts-assurance-service|ts-config-service|ts-contacts-service|ts-food-service|ts-order-other-service|ts-order-service|ts-price-service|ts-route-service|ts-seat-service|ts-security-service|ts-station-service|ts-ticketinfo-service|ts-train-service|ts-travel-service|ts-travel2-service|ts-user-service,False,0.00035876209140361183,True,28,ts-admin-basic-info-service|ts-admin-travel-service|ts-assurance-service|ts-auth-service|ts-basic-service|ts-config-service|ts-consign-price-service|ts-consign-service|ts-contacts-service|ts-food-map-service|ts-food-service|ts-inside-payment-service|ts-order-other-service|ts-order-service|ts-payment-service|ts-preserve-other-service|ts-preserve-service|ts-price-service|ts-route-service|ts-seat-service|ts-security-service|ts-station-service|ts-ticketinfo-service|ts-train-service|ts-travel-service|ts-travel2-service|ts-ui-dashboard|ts-user-service,1441,1706024435,1706025875
/home/user/data/RE2/RE2-TT/ts-auth-service_delay/1,RE2-TT,ts-auth-service_delay,1,ts-auth-service,delay,cluster_info.json|inject_time.txt|logts.csv|metrics.csv|metrics_postprocess.log|pod-node-1.csv|pod-node-2.csv|simple_metrics.csv|traces.csv|tracets_err.csv|tracets_lat.csv,1705921865,True,175380764,1153677,27,ts-admin-basic-info-service|ts-admin-travel-service|ts-assurance-service|ts-auth-service|ts-basic-service|ts-config-service|ts-consign-price-service|ts-consign-service|ts-contacts-service|ts-food-map-service|ts-food-service|ts-inside-payment-service|ts-order-other-service|ts-order-service|ts-payment-service|ts-preserve-other-service|ts-preserve-service|ts-price-service|ts-route-service|ts-seat-service|ts-security-service|ts-station-service|ts-ticketinfo-service|ts-train-service|ts-travel-service|ts-travel2-service|ts-user-service,1705921145,1705922584,True,26,55,False,ts-assurance-service|ts-config-service|ts-contacts-service|ts-food-service|ts-order-other-service|ts-order-service|ts-price-service|ts-route-service|ts-seat-service|ts-security-service|ts-station-service|ts-ticketinfo-service|ts-train-service|ts-travel-service|ts-travel2-service|ts-user-service,False,0.17337121040586062,True,28,ts-admin-basic-info-service|ts-admin-travel-service|ts-assurance-service|ts-auth-service|ts-basic-service|ts-config-service|ts-consign-price-service|ts-consign-service|ts-contacts-service|ts-food-map-service|ts-food-service|ts-inside-payment-service|ts-order-other-service|ts-order-service|ts-payment-service|ts-preserve-other-service|ts-preserve-service|ts-price-service|ts-route-service|ts-seat-service|ts-security-service|ts-station-service|ts-ticketinfo-service|ts-train-service|ts-travel-service|ts-travel2-service|ts-ui-dashboard|ts-user-service,1441,1705921145,1705922585
/home/user/data/RE2/RE2-TT/ts-auth-service_delay/2,RE2-TT,ts-auth-service_delay,2,ts-auth-service,delay,cluster_info.json|inject_time.txt|logts.csv|metrics.csv|metrics_postprocess.log|pod-node-1.csv|pod-node-2.csv|simple_metrics.csv|traces.csv|tracets_err.csv|tracets_lat.csv,1706043049,True,100328191,653768,27,ts-admin-basic-info-service|ts-admin-travel-service|ts-assurance-service|ts-auth-service|ts-basic-service|ts-config-service|ts-consign-price-service|ts-consign-service|ts-contacts-service|ts-food-map-service|ts-food-service|ts-inside-payment-service|ts-order-other-service|ts-order-service|ts-payment-service|ts-preserve-other-service|ts-preserve-service|ts-price-service|ts-route-service|ts-seat-service|ts-security-service|ts-station-service|ts-ticketinfo-service|ts-train-service|ts-travel-service|ts-travel2-service|ts-user-service,1706042329,1706043768,True,26,55,False,ts-assurance-service|ts-config-service|ts-contacts-service|ts-food-service|ts-order-other-service|ts-order-service|ts-price-service|ts-route-service|ts-seat-service|ts-security-service|ts-station-service|ts-ticketinfo-service|ts-train-service|ts-travel-service|ts-travel2-service|ts-user-service,False,9.26958741066435e-06,True,28,ts-admin-basic-info-service|ts-admin-travel-service|ts-assurance-service|ts-auth-service|ts-basic-service|ts-config-service|ts-consign-price-service|ts-consign-service|ts-contacts-service|ts-food-map-service|ts-food-service|ts-inside-payment-service|ts-order-other-service|ts-order-service|ts-payment-service|ts-preserve-other-service|ts-preserve-service|ts-price-service|ts-route-service|ts-seat-service|ts-security-service|ts-station-service|ts-ticketinfo-service|ts-train-service|ts-travel-service|ts-travel2-service|ts-ui-dashboard|ts-user-service,1441,1706042329,1706043769
/home/user/data/RE2/RE2-TT/ts-auth-service_delay/3,RE2-TT,ts-auth-service_delay,3,ts-auth-service,delay,cluster_info.json|inject_time.txt|logts.csv|metrics.csv|metrics_postprocess.log|pod-node-1.csv|pod-node-2.csv|simple_metrics.csv|traces.csv|tracets_err.csv|tracets_lat.csv,1708817505,True,103200517,671979,27,ts-admin-basic-info-service|ts-admin-travel-service|ts-assurance-service|ts-auth-service|ts-basic-service|ts-config-service|ts-consign-price-service|ts-consign-service|ts-contacts-service|ts-food-map-service|ts-food-service|ts-inside-payment-service|ts-order-other-service|ts-order-service|ts-payment-service|ts-preserve-other-service|ts-preserve-service|ts-price-service|ts-route-service|ts-seat-service|ts-security-service|ts-station-service|ts-ticketinfo-service|ts-train-service|ts-travel-service|ts-travel2-service|ts-user-service,1708816785,1708818224,True,26,55,False,ts-assurance-service|ts-config-service|ts-contacts-service|ts-food-service|ts-order-other-service|ts-order-service|ts-price-service|ts-route-service|ts-seat-service|ts-security-service|ts-station-service|ts-ticketinfo-service|ts-train-service|ts-travel-service|ts-travel2-service|ts-user-service,False,4.510464277122925e-06,True,28,ts-admin-basic-info-service|ts-admin-travel-service|ts-assurance-service|ts-auth-service|ts-basic-service|ts-config-service|ts-consign-price-service|ts-consign-service|ts-contacts-service|ts-food-map-service|ts-food-service|ts-inside-payment-service|ts-order-other-service|ts-order-service|ts-payment-service|ts-preserve-other-service|ts-preserve-service|ts-price-service|ts-route-service|ts-seat-service|ts-security-service|ts-station-service|ts-ticketinfo-service|ts-train-service|ts-travel-service|ts-travel2-service|ts-ui-dashboard|ts-user-service,1441,1708816785,1708818225
/home/user/data/RE2/RE2-TT/ts-auth-service_disk/1,RE2-TT,ts-auth-service_disk,1,ts-auth-service,disk,cluster_info.json|inject_time.txt|logts.csv|metrics.csv|metrics_postprocess.log|pod-node-1.csv|pod-node-2.csv|simple_metrics.csv|traces.csv|tracets_err.csv|tracets_lat.csv,1705980016,True,106190659,691762,27,ts-admin-basic-info-service|ts-admin-travel-service|ts-assurance-service|ts-auth-service|ts-basic-service|ts-config-service|ts-consign-price-service|ts-consign-service|ts-contacts-service|ts-food-map-service|ts-food-service|ts-inside-payment-service|ts-order-other-service|ts-order-service|ts-payment-service|ts-preserve-other-service|ts-preserve-service|ts-price-service|ts-route-service|ts-seat-service|ts-security-service|ts-station-service|ts-ticketinfo-service|ts-train-service|ts-travel-service|ts-travel2-service|ts-user-service,1705979296,1705980736,True,26,55,False,ts-assurance-service|ts-config-service|ts-contacts-service|ts-food-service|ts-order-other-service|ts-order-service|ts-price-service|ts-route-service|ts-seat-service|ts-security-service|ts-station-service|ts-ticketinfo-service|ts-train-service|ts-travel-service|ts-travel2-service|ts-user-service,False,0.0,True,28,ts-admin-basic-info-service|ts-admin-travel-service|ts-assurance-service|ts-auth-service|ts-basic-service|ts-config-service|ts-consign-price-service|ts-consign-service|ts-contacts-service|ts-food-map-service|ts-food-service|ts-inside-payment-service|ts-order-other-service|ts-order-service|ts-payment-service|ts-preserve-other-service|ts-preserve-service|ts-price-service|ts-route-service|ts-seat-service|ts-security-service|ts-station-service|ts-ticketinfo-service|ts-train-service|ts-travel-service|ts-travel2-service|ts-ui-dashboard|ts-user-service,1441,1705979296,1705980736
/home/user/data/RE2/RE2-TT/ts-auth-service_disk/2,RE2-TT,ts-auth-service_disk,2,ts-auth-service,disk,cluster_info.json|inject_time.txt|logts.csv|metrics.csv|metrics_postprocess.log|pod-node-1.csv|pod-node-2.csv|simple_metrics.csv|traces.csv|tracets_err.csv|tracets_lat.csv,1706031906,True,100052147,651369,27,ts-admin-basic-info-service|ts-admin-travel-service|ts-assurance-service|ts-auth-service|ts-basic-service|ts-config-service|ts-consign-price-service|ts-consign-service|ts-contacts-service|ts-food-map-service|ts-food-service|ts-inside-payment-service|ts-order-other-service|ts-order-service|ts-payment-service|ts-preserve-other-service|ts-preserve-service|ts-price-service|ts-route-service|ts-seat-service|ts-security-service|ts-station-service|ts-ticketinfo-service|ts-train-service|ts-travel-service|ts-travel2-service|ts-user-service,1706031186,1706032625,True,26,55,False,ts-assurance-service|ts-config-service|ts-contacts-service|ts-food-service|ts-order-other-service|ts-order-service|ts-price-service|ts-route-service|ts-seat-service|ts-security-service|ts-station-service|ts-ticketinfo-service|ts-train-service|ts-travel-service|ts-travel2-service|ts-user-service,False,0.0,True,28,ts-admin-basic-info-service|ts-admin-travel-service|ts-assurance-service|ts-auth-service|ts-basic-service|ts-config-service|ts-consign-price-service|ts-consign-service|ts-contacts-service|ts-food-map-service|ts-food-service|ts-inside-payment-service|ts-order-other-service|ts-order-service|ts-payment-service|ts-preserve-other-service|ts-preserve-service|ts-price-service|ts-route-service|ts-seat-service|ts-security-service|ts-station-service|ts-ticketinfo-service|ts-train-service|ts-travel-service|ts-travel2-service|ts-ui-dashboard|ts-user-service,1441,1706031186,1706032626
/home/user/data/RE2/RE2-TT/ts-auth-service_disk/3,RE2-TT,ts-auth-service_disk,3,ts-auth-service,disk,cluster_info.json|inject_time.txt|logts.csv|metrics.csv|metrics_postprocess.log|pod-node-1.csv|pod-node-2.csv|simple_metrics.csv|traces.csv|tracets_err.csv|tracets_lat.csv,1706033453,True,114741842,748981,27,ts-admin-basic-info-service|ts-admin-travel-service|ts-assurance-service|ts-auth-service|ts-basic-service|ts-config-service|ts-consign-price-service|ts-consign-service|ts-contacts-service|ts-food-map-service|ts-food-service|ts-inside-payment-service|ts-order-other-service|ts-order-service|ts-payment-service|ts-preserve-other-service|ts-preserve-service|ts-price-service|ts-route-service|ts-seat-service|ts-security-service|ts-station-service|ts-ticketinfo-service|ts-train-service|ts-travel-service|ts-travel2-service|ts-user-service,1706032733,1706034172,True,26,55,False,ts-assurance-service|ts-config-service|ts-contacts-service|ts-food-service|ts-order-other-service|ts-order-service|ts-price-service|ts-route-service|ts-seat-service|ts-security-service|ts-station-service|ts-ticketinfo-service|ts-train-service|ts-travel-service|ts-travel2-service|ts-user-service,False,3.367311753803715e-05,True,28,ts-admin-basic-info-service|ts-admin-travel-service|ts-assurance-service|ts-auth-service|ts-basic-service|ts-config-service|ts-consign-price-service|ts-consign-service|ts-contacts-service|ts-food-map-service|ts-food-service|ts-inside-payment-service|ts-order-other-service|ts-order-service|ts-payment-service|ts-preserve-other-service|ts-preserve-service|ts-price-service|ts-route-service|ts-seat-service|ts-security-service|ts-station-service|ts-ticketinfo-service|ts-train-service|ts-travel-service|ts-travel2-service|ts-ui-dashboard|ts-user-service,1441,1706032733,1706034173
/home/user/data/RE2/RE2-TT/ts-auth-service_loss/1,RE2-TT,ts-auth-service_loss,1,ts-auth-service,loss,cluster_info.json|inject_time.txt|logts.csv|metrics.csv|metrics_postprocess.log|pod-node-1.csv|pod-node-2.csv|simple_metrics.csv|traces.csv|tracets_err.csv|tracets_lat.csv,1705983003,True,146794316,961039,27,ts-admin-basic-info-service|ts-admin-travel-service|ts-assurance-service|ts-auth-service|ts-basic-service|ts-config-service|ts-consign-price-service|ts-consign-service|ts-contacts-service|ts-food-map-service|ts-food-service|ts-inside-payment-service|ts-order-other-service|ts-order-service|ts-payment-service|ts-preserve-other-service|ts-preserve-service|ts-price-service|ts-route-service|ts-seat-service|ts-security-service|ts-station-service|ts-ticketinfo-service|ts-train-service|ts-travel-service|ts-travel2-service|ts-user-service,1705982283,1705983722,True,26,55,False,ts-assurance-service|ts-config-service|ts-contacts-service|ts-food-service|ts-order-other-service|ts-order-service|ts-price-service|ts-route-service|ts-seat-service|ts-security-service|ts-station-service|ts-ticketinfo-service|ts-train-service|ts-travel-service|ts-travel2-service|ts-user-service,False,1.0478083516612478e-06,True,28,ts-admin-basic-info-service|ts-admin-travel-service|ts-assurance-service|ts-auth-service|ts-basic-service|ts-config-service|ts-consign-price-service|ts-consign-service|ts-contacts-service|ts-food-map-service|ts-food-service|ts-inside-payment-service|ts-order-other-service|ts-order-service|ts-payment-service|ts-preserve-other-service|ts-preserve-service|ts-price-service|ts-route-service|ts-seat-service|ts-security-service|ts-station-service|ts-ticketinfo-service|ts-train-service|ts-travel-service|ts-travel2-service|ts-ui-dashboard|ts-user-service,1441,1705982283,1705983723
/home/user/data/RE2/RE2-TT/ts-auth-service_loss/2,RE2-TT,ts-auth-service_loss,2,ts-auth-service,loss,cluster_info.json|inject_time.txt|logts.csv|metrics.csv|metrics_postprocess.log|pod-node-1.csv|pod-node-2.csv|simple_metrics.csv|traces.csv|tracets_err.csv|tracets_lat.csv,1706044594,True,118385584,773775,27,ts-admin-basic-info-service|ts-admin-travel-service|ts-assurance-service|ts-auth-service|ts-basic-service|ts-config-service|ts-consign-price-service|ts-consign-service|ts-contacts-service|ts-food-map-service|ts-food-service|ts-inside-payment-service|ts-order-other-service|ts-order-service|ts-payment-service|ts-preserve-other-service|ts-preserve-service|ts-price-service|ts-route-service|ts-seat-service|ts-security-service|ts-station-service|ts-ticketinfo-service|ts-train-service|ts-travel-service|ts-travel2-service|ts-user-service,1706043874,1706045312,True,26,55,False,ts-assurance-service|ts-config-service|ts-contacts-service|ts-food-service|ts-order-other-service|ts-order-service|ts-price-service|ts-route-service|ts-seat-service|ts-security-service|ts-station-service|ts-ticketinfo-service|ts-train-service|ts-travel-service|ts-travel2-service|ts-user-service,False,1.3036059042918616e-06,True,28,ts-admin-basic-info-service|ts-admin-travel-service|ts-assurance-service|ts-auth-service|ts-basic-service|ts-config-service|ts-consign-price-service|ts-consign-service|ts-contacts-service|ts-food-map-service|ts-food-service|ts-inside-payment-service|ts-order-other-service|ts-order-service|ts-payment-service|ts-preserve-other-service|ts-preserve-service|ts-price-service|ts-route-service|ts-seat-service|ts-security-service|ts-station-service|ts-ticketinfo-service|ts-train-service|ts-travel-service|ts-travel2-service|ts-ui-dashboard|ts-user-service,1441,1706043874,1706045314
/home/user/data/RE2/RE2-TT/ts-auth-service_loss/3,RE2-TT,ts-auth-service_loss,3,ts-auth-service,loss,cluster_info.json|inject_time.txt|logts.csv|metrics.csv|metrics_postprocess.log|pod-node-1.csv|pod-node-2.csv|simple_metrics.csv|traces.csv|tracets_err.csv|tracets_lat.csv,1706046142,True,94078275,616100,27,ts-admin-basic-info-service|ts-admin-travel-service|ts-assurance-service|ts-auth-service|ts-basic-service|ts-config-service|ts-consign-price-service|ts-consign-service|ts-contacts-service|ts-food-map-service|ts-food-service|ts-inside-payment-service|ts-order-other-service|ts-order-service|ts-payment-service|ts-preserve-other-service|ts-preserve-service|ts-price-service|ts-route-service|ts-seat-service|ts-security-service|ts-station-service|ts-ticketinfo-service|ts-train-service|ts-travel-service|ts-travel2-service|ts-user-service,1706045422,1706046862,True,26,55,False,ts-assurance-service|ts-config-service|ts-contacts-service|ts-food-service|ts-order-other-service|ts-order-service|ts-price-service|ts-route-service|ts-seat-service|ts-security-service|ts-station-service|ts-ticketinfo-service|ts-train-service|ts-travel-service|ts-travel2-service|ts-user-service,False,0.2975833385125167,True,28,ts-admin-basic-info-service|ts-admin-travel-service|ts-assurance-service|ts-auth-service|ts-basic-service|ts-config-service|ts-consign-price-service|ts-consign-service|ts-contacts-service|ts-food-map-service|ts-food-service|ts-inside-payment-service|ts-order-other-service|ts-order-service|ts-payment-service|ts-preserve-other-service|ts-preserve-service|ts-price-service|ts-route-service|ts-seat-service|ts-security-service|ts-station-service|ts-ticketinfo-service|ts-train-service|ts-travel-service|ts-travel2-service|ts-ui-dashboard|ts-user-service,1441,1706045422,1706046862
/home/user/data/RE2/RE2-TT/ts-auth-service_mem/1,RE2-TT,ts-auth-service_mem,1,ts-auth-service,mem,cluster_info.json|inject_time.txt|logts.csv|metrics.csv|metrics_postprocess.log|pod-node-1.csv|pod-node-2.csv|simple_metrics.csv|traces.csv|tracets_err.csv|tracets_lat.csv,1706026700,True,165926163,1088958,27,ts-admin-basic-info-service|ts-admin-travel-service|ts-assurance-service|ts-auth-service|ts-basic-service|ts-config-service|ts-consign-price-service|ts-consign-service|ts-contacts-service|ts-food-map-service|ts-food-service|ts-inside-payment-service|ts-order-other-service|ts-order-service|ts-payment-service|ts-preserve-other-service|ts-preserve-service|ts-price-service|ts-route-service|ts-seat-service|ts-security-service|ts-station-service|ts-ticketinfo-service|ts-train-service|ts-travel-service|ts-travel2-service|ts-user-service,1706025980,1706027419,True,26,55,False,ts-assurance-service|ts-config-service|ts-contacts-service|ts-food-service|ts-order-other-service|ts-order-service|ts-price-service|ts-route-service|ts-seat-service|ts-security-service|ts-station-service|ts-ticketinfo-service|ts-train-service|ts-travel-service|ts-travel2-service|ts-user-service,False,3.048625577968599e-05,True,28,ts-admin-basic-info-service|ts-admin-travel-service|ts-assurance-service|ts-auth-service|ts-basic-service|ts-config-service|ts-consign-price-service|ts-consign-service|ts-contacts-service|ts-food-map-service|ts-food-service|ts-inside-payment-service|ts-order-other-service|ts-order-service|ts-payment-service|ts-preserve-other-service|ts-preserve-service|ts-price-service|ts-route-service|ts-seat-service|ts-security-service|ts-station-service|ts-ticketinfo-service|ts-train-service|ts-travel-service|ts-travel2-service|ts-ui-dashboard|ts-user-service,1441,1706025980,1706027420
/home/user/data/RE2/RE2-TT/ts-auth-service_mem/2,RE2-TT,ts-auth-service_mem,2,ts-auth-service,mem,cluster_info.json|inject_time.txt|logts.csv|metrics.csv|metrics_postprocess.log|pod-node-1.csv|pod-node-2.csv|simple_metrics.csv|traces.csv|tracets_err.csv|tracets_lat.csv,1706028246,True,171608204,1127077,27,ts-admin-basic-info-service|ts-admin-travel-service|ts-assurance-service|ts-auth-service|ts-basic-service|ts-config-service|ts-consign-price-service|ts-consign-service|ts-contacts-service|ts-food-map-service|ts-food-service|ts-inside-payment-service|ts-order-other-service|ts-order-service|ts-payment-service|ts-preserve-other-service|ts-preserve-service|ts-price-service|ts-route-service|ts-seat-service|ts-security-service|ts-station-service|ts-ticketinfo-service|ts-train-service|ts-travel-service|ts-travel2-service|ts-user-service,1706027526,1706028965,True,26,55,False,ts-assurance-service|ts-config-service|ts-contacts-service|ts-food-service|ts-order-other-service|ts-order-service|ts-price-service|ts-route-service|ts-seat-service|ts-security-service|ts-station-service|ts-ticketinfo-service|ts-train-service|ts-travel-service|ts-travel2-service|ts-user-service,False,0.0,True,28,ts-admin-basic-info-service|ts-admin-travel-service|ts-assurance-service|ts-auth-service|ts-basic-service|ts-config-service|ts-consign-price-service|ts-consign-service|ts-contacts-service|ts-food-map-service|ts-food-service|ts-inside-payment-service|ts-order-other-service|ts-order-service|ts-payment-service|ts-preserve-other-service|ts-preserve-service|ts-price-service|ts-route-service|ts-seat-service|ts-security-service|ts-station-service|ts-ticketinfo-service|ts-train-service|ts-travel-service|ts-travel2-service|ts-ui-dashboard|ts-user-service,1441,1706027526,1706028966
/home/user/data/RE2/RE2-TT/ts-auth-service_mem/3,RE2-TT,ts-auth-service_mem,3,ts-auth-service,mem,cluster_info.json|inject_time.txt|logts.csv|metrics.csv|metrics_postprocess.log|pod-node-1.csv|pod-node-2.csv|simple_metrics.csv|traces.csv|tracets_err.csv|tracets_lat.csv,1708747254,True,95152767,618824,27,ts-admin-basic-info-service|ts-admin-travel-service|ts-assurance-service|ts-auth-service|ts-basic-service|ts-config-service|ts-consign-price-service|ts-consign-service|ts-contacts-service|ts-food-map-service|ts-food-service|ts-inside-payment-service|ts-order-other-service|ts-order-service|ts-payment-service|ts-preserve-other-service|ts-preserve-service|ts-price-service|ts-route-service|ts-seat-service|ts-security-service|ts-station-service|ts-ticketinfo-service|ts-train-service|ts-travel-service|ts-travel2-service|ts-user-service,1708746534,1708747973,True,26,55,False,ts-assurance-service|ts-config-service|ts-contacts-service|ts-food-service|ts-order-other-service|ts-order-service|ts-price-service|ts-route-service|ts-seat-service|ts-security-service|ts-station-service|ts-ticketinfo-service|ts-train-service|ts-travel-service|ts-travel2-service|ts-user-service,False,7.346974760692706e-05,True,28,ts-admin-basic-info-service|ts-admin-travel-service|ts-assurance-service|ts-auth-service|ts-basic-service|ts-config-service|ts-consign-price-service|ts-consign-service|ts-contacts-service|ts-food-map-service|ts-food-service|ts-inside-payment-service|ts-order-other-service|ts-order-service|ts-payment-service|ts-preserve-other-service|ts-preserve-service|ts-price-service|ts-route-service|ts-seat-service|ts-security-service|ts-station-service|ts-ticketinfo-service|ts-train-service|ts-travel-service|ts-travel2-service|ts-ui-dashboard|ts-user-service,1441,1708746534,1708747974
/home/user/data/RE2/RE2-TT/ts-auth-service_socket/1,RE2-TT,ts-auth-service_socket,1,ts-auth-service,socket,cluster_info.json|inject_time.txt|logts.csv|metrics.csv|metrics_postprocess.log|pod-node-1.csv|pod-node-2.csv|simple_metrics.csv|traces.csv|tracets_err.csv|tracets_lat.csv,1705981508,True,126918737,829373,27,ts-admin-basic-info-service|ts-admin-travel-service|ts-assurance-service|ts-auth-service|ts-basic-service|ts-config-service|ts-consign-price-service|ts-consign-service|ts-contacts-service|ts-food-map-service|ts-food-service|ts-inside-payment-service|ts-order-other-service|ts-order-service|ts-payment-service|ts-preserve-other-service|ts-preserve-service|ts-price-service|ts-route-service|ts-seat-service|ts-security-service|ts-station-service|ts-ticketinfo-service|ts-train-service|ts-travel-service|ts-travel2-service|ts-user-service,1705980788,1705982227,True,26,55,False,ts-assurance-service|ts-config-service|ts-contacts-service|ts-food-service|ts-order-other-service|ts-order-service|ts-price-service|ts-route-service|ts-seat-service|ts-security-service|ts-station-service|ts-ticketinfo-service|ts-train-service|ts-travel-service|ts-travel2-service|ts-user-service,False,3.645949168176697e-06,True,28,ts-admin-basic-info-service|ts-admin-travel-service|ts-assurance-service|ts-auth-service|ts-basic-service|ts-config-service|ts-consign-price-service|ts-consign-service|ts-contacts-service|ts-food-map-service|ts-food-service|ts-inside-payment-service|ts-order-other-service|ts-order-service|ts-payment-service|ts-preserve-other-service|ts-preserve-service|ts-price-service|ts-route-service|ts-seat-service|ts-security-service|ts-station-service|ts-ticketinfo-service|ts-train-service|ts-travel-service|ts-travel2-service|ts-ui-dashboard|ts-user-service,1441,1705980788,1705982228
/home/user/data/RE2/RE2-TT/ts-auth-service_socket/2,RE2-TT,ts-auth-service_socket,2,ts-auth-service,socket,cluster_info.json|inject_time.txt|logts.csv|metrics.csv|metrics_postprocess.log|pod-node-1.csv|pod-node-2.csv|simple_metrics.csv|traces.csv|tracets_err.csv|tracets_lat.csv,1708748796,True,114442734,746721,27,ts-admin-basic-info-service|ts-admin-travel-service|ts-assurance-service|ts-auth-service|ts-basic-service|ts-config-service|ts-consign-price-service|ts-consign-service|ts-contacts-service|ts-food-map-service|ts-food-service|ts-inside-payment-service|ts-order-other-service|ts-order-service|ts-payment-service|ts-preserve-other-service|ts-preserve-service|ts-price-service|ts-route-service|ts-seat-service|ts-security-service|ts-station-service|ts-ticketinfo-service|ts-train-service|ts-travel-service|ts-travel2-service|ts-user-service,1708748076,1708749516,True,26,55,False,ts-assurance-service|ts-config-service|ts-contacts-service|ts-food-service|ts-order-other-service|ts-order-service|ts-price-service|ts-route-service|ts-seat-service|ts-security-service|ts-station-service|ts-ticketinfo-service|ts-train-service|ts-travel-service|ts-travel2-service|ts-user-service,False,8.104975644548189e-05,True,28,ts-admin-basic-info-service|ts-admin-travel-service|ts-assurance-service|ts-auth-service|ts-basic-service|ts-config-service|ts-consign-price-service|ts-consign-service|ts-contacts-service|ts-food-map-service|ts-food-service|ts-inside-payment-service|ts-order-other-service|ts-order-service|ts-payment-service|ts-preserve-other-service|ts-preserve-service|ts-price-service|ts-route-service|ts-seat-service|ts-security-service|ts-station-service|ts-ticketinfo-service|ts-train-service|ts-travel-service|ts-travel2-service|ts-ui-dashboard|ts-user-service,1441,1708748076,1708749516
/home/user/data/RE2/RE2-TT/ts-auth-service_socket/3,RE2-TT,ts-auth-service_socket,3,ts-auth-service,socket,cluster_info.json|inject_time.txt|logts.csv|metrics.csv|metrics_postprocess.log|pod-node-1.csv|pod-node-2.csv|simple_metrics.csv|traces.csv|tracets_err.csv|tracets_lat.csv,1706036545,True,144692435,948201,27,ts-admin-basic-info-service|ts-admin-travel-service|ts-assurance-service|ts-auth-service|ts-basic-service|ts-config-service|ts-consign-price-service|ts-consign-service|ts-contacts-service|ts-food-map-service|ts-food-service|ts-inside-payment-service|ts-order-other-service|ts-order-service|ts-payment-service|ts-preserve-other-service|ts-preserve-service|ts-price-service|ts-route-service|ts-seat-service|ts-security-service|ts-station-service|ts-ticketinfo-service|ts-train-service|ts-travel-service|ts-travel2-service|ts-user-service,1706035825,1706037264,True,26,55,False,ts-assurance-service|ts-config-service|ts-contacts-service|ts-food-service|ts-order-other-service|ts-order-service|ts-price-service|ts-route-service|ts-seat-service|ts-security-service|ts-station-service|ts-ticketinfo-service|ts-train-service|ts-travel-service|ts-travel2-service|ts-user-service,False,1.8049602430962926e-05,True,28,ts-admin-basic-info-service|ts-admin-travel-service|ts-assurance-service|ts-auth-service|ts-basic-service|ts-config-service|ts-consign-price-service|ts-consign-service|ts-contacts-service|ts-food-map-service|ts-food-service|ts-inside-payment-service|ts-order-other-service|ts-order-service|ts-payment-service|ts-preserve-other-service|ts-preserve-service|ts-price-service|ts-route-service|ts-seat-service|ts-security-service|ts-station-service|ts-ticketinfo-service|ts-train-service|ts-travel-service|ts-travel2-service|ts-ui-dashboard|ts-user-service,1441,1706035825,1706037265
/home/user/data/RE2/RE2-TT/ts-order-service_cpu/1,RE2-TT,ts-order-service_cpu,1,ts-order-service,cpu,cluster_info.json|inject_time.txt|logts.csv|metrics.csv|metrics_postprocess.log|pod-node-1.csv|pod-node-2.csv|simple_metrics.csv|traces.csv|tracets_err.csv|tracets_lat.csv,1705935125,True,96611916,628113,27,ts-admin-basic-info-service|ts-admin-travel-service|ts-assurance-service|ts-auth-service|ts-basic-service|ts-config-service|ts-consign-price-service|ts-consign-service|ts-contacts-service|ts-food-map-service|ts-food-service|ts-inside-payment-service|ts-order-other-service|ts-order-service|ts-payment-service|ts-preserve-other-service|ts-preserve-service|ts-price-service|ts-route-service|ts-seat-service|ts-security-service|ts-station-service|ts-ticketinfo-service|ts-train-service|ts-travel-service|ts-travel2-service|ts-user-service,1705934405,1705935844,True,26,55,False,ts-assurance-service|ts-config-service|ts-contacts-service|ts-food-service|ts-order-other-service|ts-order-service|ts-price-service|ts-route-service|ts-seat-service|ts-security-service|ts-station-service|ts-ticketinfo-service|ts-train-service|ts-travel-service|ts-travel2-service|ts-user-service,True,0.0002010793941880012,True,28,ts-admin-basic-info-service|ts-admin-travel-service|ts-assurance-service|ts-auth-service|ts-basic-service|ts-config-service|ts-consign-price-service|ts-consign-service|ts-contacts-service|ts-food-map-service|ts-food-service|ts-inside-payment-service|ts-order-other-service|ts-order-service|ts-payment-service|ts-preserve-other-service|ts-preserve-service|ts-price-service|ts-route-service|ts-seat-service|ts-security-service|ts-station-service|ts-ticketinfo-service|ts-train-service|ts-travel-service|ts-travel2-service|ts-ui-dashboard|ts-user-service,1441,1705934405,1705935845
/home/user/data/RE2/RE2-TT/ts-order-service_cpu/2,RE2-TT,ts-order-service_cpu,2,ts-order-service,cpu,cluster_info.json|inject_time.txt|logts.csv|metrics.csv|metrics_postprocess.log|pod-node-1.csv|pod-node-2.csv|simple_metrics.csv|traces.csv|tracets_err.csv|tracets_lat.csv,1706051909,True,124237930,811938,27,ts-admin-basic-info-service|ts-admin-travel-service|ts-assurance-service|ts-auth-service|ts-basic-service|ts-config-service|ts-consign-price-service|ts-consign-service|ts-contacts-service|ts-food-map-service|ts-food-service|ts-inside-payment-service|ts-order-other-service|ts-order-service|ts-payment-service|ts-preserve-other-service|ts-preserve-service|ts-price-service|ts-route-service|ts-seat-service|ts-security-service|ts-station-service|ts-ticketinfo-service|ts-train-service|ts-travel-service|ts-travel2-service|ts-user-service,1706051189,1706052628,True,26,55,False,ts-assurance-service|ts-config-service|ts-contacts-service|ts-food-service|ts-order-other-service|ts-order-service|ts-price-service|ts-route-service|ts-seat-service|ts-security-service|ts-station-service|ts-ticketinfo-service|ts-train-service|ts-travel-service|ts-travel2-service|ts-user-service,True,4.719341974696876e-05,True,28,ts-admin-basic-info-service|ts-admin-travel-service|ts-assurance-service|ts-auth-service|ts-basic-service|ts-config-service|ts-consign-price-service|ts-consign-service|ts-contacts-service|ts-food-map-service|ts-food-service|ts-inside-payment-service|ts-order-other-service|ts-order-service|ts-payment-service|ts-preserve-other-service|ts-preserve-service|ts-price-service|ts-route-service|ts-seat-service|ts-security-service|ts-station-service|ts-ticketinfo-service|ts-train-service|ts-travel-service|ts-travel2-service|ts-ui-dashboard|ts-user-service,1441,1706051189,1706052629
/home/user/data/RE2/RE2-TT/ts-order-service_cpu/3,RE2-TT,ts-order-service_cpu,3,ts-order-service,cpu,cluster_info.json|inject_time.txt|logts.csv|metrics.csv|metrics_postprocess.log|pod-node-1.csv|pod-node-2.csv|simple_metrics.csv|traces.csv|tracets_err.csv|tracets_lat.csv,1706053461,True,129659891,849200,27,ts-admin-basic-info-service|ts-admin-travel-service|ts-assurance-service|ts-auth-service|ts-basic-service|ts-config-service|ts-consign-price-service|ts-consign-service|ts-contacts-service|ts-food-map-service|ts-food-service|ts-inside-payment-service|ts-order-other-service|ts-order-service|ts-payment-service|ts-preserve-other-service|ts-preserve-service|ts-price-service|ts-route-service|ts-seat-service|ts-security-service|ts-station-service|ts-ticketinfo-service|ts-train-service|ts-travel-service|ts-travel2-service|ts-user-service,1706052741,1706054094,True,26,55,False,ts-assurance-service|ts-config-service|ts-contacts-service|ts-food-service|ts-order-other-service|ts-order-service|ts-price-service|ts-route-service|ts-seat-service|ts-security-service|ts-station-service|ts-ticketinfo-service|ts-train-service|ts-travel-service|ts-travel2-service|ts-user-service,True,0.001571823433811405,True,28,ts-admin-basic-info-service|ts-admin-travel-service|ts-assurance-service|ts-auth-service|ts-basic-service|ts-config-service|ts-consign-price-service|ts-consign-service|ts-contacts-service|ts-food-map-service|ts-food-service|ts-inside-payment-service|ts-order-other-service|ts-order-service|ts-payment-service|ts-preserve-other-service|ts-preserve-service|ts-price-service|ts-route-service|ts-seat-service|ts-security-service|ts-station-service|ts-ticketinfo-service|ts-train-service|ts-travel-service|ts-travel2-service|ts-ui-dashboard|ts-user-service,1441,1706052741,1706054181
/home/user/data/RE2/RE2-TT/ts-order-service_delay/1,RE2-TT,ts-order-service_delay,1,ts-order-service,delay,cluster_info.json|inject_time.txt|logts.csv|metrics.csv|metrics_postprocess.log|pod-node-1.csv|pod-node-2.csv|simple_metrics.csv|traces.csv|tracets_err.csv|tracets_lat.csv,1705952245,True,118314569,779417,27,ts-admin-basic-info-service|ts-admin-travel-service|ts-assurance-service|ts-auth-service|ts-basic-service|ts-config-service|ts-consign-price-service|ts-consign-service|ts-contacts-service|ts-food-map-service|ts-food-service|ts-inside-payment-service|ts-order-other-service|ts-order-service|ts-payment-service|ts-preserve-other-service|ts-preserve-service|ts-price-service|ts-route-service|ts-seat-service|ts-security-service|ts-station-service|ts-ticketinfo-service|ts-train-service|ts-travel-service|ts-travel2-service|ts-user-service,1705951525,1705952675,True,26,55,False,ts-assurance-service|ts-config-service|ts-contacts-service|ts-food-service|ts-order-other-service|ts-order-service|ts-price-service|ts-route-service|ts-seat-service|ts-security-service|ts-station-service|ts-ticketinfo-service|ts-train-service|ts-travel-service|ts-travel2-service|ts-user-service,True,0.16026748168211563,True,28,ts-admin-basic-info-service|ts-admin-travel-service|ts-assurance-service|ts-auth-service|ts-basic-service|ts-config-service|ts-consign-price-service|ts-consign-service|ts-contacts-service|ts-food-map-service|ts-food-service|ts-inside-payment-service|ts-order-other-service|ts-order-service|ts-payment-service|ts-preserve-other-service|ts-preserve-service|ts-price-service|ts-route-service|ts-seat-service|ts-security-service|ts-station-service|ts-ticketinfo-service|ts-train-service|ts-travel-service|ts-travel2-service|ts-ui-dashboard|ts-user-service,1441,1705951525,1705952965
/home/user/data/RE2/RE2-TT/ts-order-service_delay/2,RE2-TT,ts-order-service_delay,2,ts-order-service,delay,cluster_info.json|inject_time.txt|logts.csv|metrics.csv|metrics_postprocess.log|pod-node-1.csv|pod-node-2.csv|simple_metrics.csv|traces.csv|tracets_err.csv|tracets_lat.csv,1706067125,True,18824990,122969,20,ts-admin-basic-info-service|ts-admin-travel-service|ts-assurance-service|ts-auth-service|ts-basic-service|ts-config-service|ts-consign-price-service|ts-consign-service|ts-food-map-service|ts-food-service|ts-inside-payment-service|ts-order-other-service|ts-order-service|ts-price-service|ts-route-service|ts-station-service|ts-ticketinfo-service|ts-train-service|ts-travel-service|ts-travel2-service,1706066405,1706067844,True,18,20,True,ts-route-service|ts-station-service|ts-ticketinfo-service|ts-train-service|ts-travel-service,True,0.0,True,22,ts-admin-basic-info-service|ts-admin-travel-service|ts-assurance-service|ts-auth-service|ts-basic-service|ts-config-service|ts-consign-price-service|ts-consign-service|ts-food-map-service|ts-food-service|ts-inside-payment-service|ts-order-other-service|ts-order-service|ts-payment-service|ts-price-service|ts-route-service|ts-station-service|ts-ticketinfo-service|ts-train-service|ts-travel-service|ts-travel2-service|ts-ui-dashboard,1441,1706066405,1706067845
/home/user/data/RE2/RE2-TT/ts-order-service_delay/3,RE2-TT,ts-order-service_delay,3,ts-order-service,delay,cluster_info.json|inject_time.txt|logts.csv|metrics.csv|metrics_postprocess.log|pod-node-1.csv|pod-node-2.csv|simple_metrics.csv|traces.csv|tracets_err.csv|tracets_lat.csv,1706068673,True,19168344,125251,20,ts-admin-basic-info-service|ts-admin-travel-service|ts-assurance-service|ts-auth-service|ts-basic-service|ts-config-service|ts-consign-price-service|ts-consign-service|ts-food-map-service|ts-food-service|ts-inside-payment-service|ts-order-other-service|ts-order-service|ts-price-service|ts-route-service|ts-station-service|ts-ticketinfo-service|ts-train-service|ts-travel-service|ts-travel2-service,1706067953,1706069392,True,18,20,True,ts-route-service|ts-station-service|ts-ticketinfo-service|ts-train-service|ts-travel-service,True,8.42715566641947e-06,True,22,ts-admin-basic-info-service|ts-admin-travel-service|ts-assurance-service|ts-auth-service|ts-basic-service|ts-config-service|ts-consign-price-service|ts-consign-service|ts-food-map-service|ts-food-service|ts-inside-payment-service|ts-order-other-service|ts-order-service|ts-payment-service|ts-price-service|ts-route-service|ts-station-service|ts-ticketinfo-service|ts-train-service|ts-travel-service|ts-travel2-service|ts-ui-dashboard,1441,1706067953,1706069393
/home/user/data/RE2/RE2-TT/ts-order-service_disk/1,RE2-TT,ts-order-service_disk,1,ts-order-service,disk,cluster_info.json|inject_time.txt|logts.csv|metrics.csv|metrics_postprocess.log|pod-node-1.csv|pod-node-2.csv|simple_metrics.csv|traces.csv|tracets_err.csv|tracets_lat.csv,1705985281,True,160817037,1054124,27,ts-admin-basic-info-service|ts-admin-travel-service|ts-assurance-service|ts-auth-service|ts-basic-service|ts-config-service|ts-consign-price-service|ts-consign-service|ts-contacts-service|ts-food-map-service|ts-food-service|ts-inside-payment-service|ts-order-other-service|ts-order-service|ts-payment-service|ts-preserve-other-service|ts-preserve-service|ts-price-service|ts-route-service|ts-seat-service|ts-security-service|ts-station-service|ts-ticketinfo-service|ts-train-service|ts-travel-service|ts-travel2-service|ts-user-service,1705984561,1705986000,True,26,55,False,ts-assurance-service|ts-config-service|ts-contacts-service|ts-food-service|ts-order-other-service|ts-order-service|ts-price-service|ts-route-service|ts-seat-service|ts-security-service|ts-station-service|ts-ticketinfo-service|ts-train-service|ts-travel-service|ts-travel2-service|ts-user-service,True,0.0,True,28,ts-admin-basic-info-service|ts-admin-travel-service|ts-assurance-service|ts-auth-service|ts-basic-service|ts-config-service|ts-consign-price-service|ts-consign-service|ts-contacts-service|ts-food-map-service|ts-food-service|ts-inside-payment-service|ts-order-other-service|ts-order-service|ts-payment-service|ts-preserve-other-service|ts-preserve-service|ts-price-service|ts-route-service|ts-seat-service|ts-security-service|ts-station-service|ts-ticketinfo-service|ts-train-service|ts-travel-service|ts-travel2-service|ts-ui-dashboard|ts-user-service,1441,1705984561,1705986001
/home/user/data/RE2/RE2-TT/ts-order-service_disk/2,RE2-TT,ts-order-service_disk,2,ts-order-service,disk,cluster_info.json|inject_time.txt|logts.csv|metrics.csv|metrics_postprocess.log|pod-node-1.csv|pod-node-2.csv|simple_metrics.csv|traces.csv|tracets_err.csv|tracets_lat.csv,1706059803,True,19193219,125465,20,ts-admin-basic-info-service|ts-admin-travel-service|ts-assurance-service|ts-auth-service|ts-basic-service|ts-config-service|ts-consign-price-service|ts-consign-service|ts-food-map-service|ts-food-service|ts-inside-payment-service|ts-order-other-service|ts-order-service|ts-price-service|ts-route-service|ts-station-service|ts-ticketinfo-service|ts-train-service|ts-travel-service|ts-travel2-service,1706059083,1706060522,True,18,20,True,ts-route-service|ts-station-service|ts-ticketinfo-service|ts-train-service|ts-travel-service,True,3.365247093267823e-05,True,22,ts-admin-basic-info-service|ts-admin-travel-service|ts-assurance-service|ts-auth-service|ts-basic-service|ts-config-service|ts-consign-price-service|ts-consign-service|ts-food-map-service|ts-food-service|ts-inside-payment-service|ts-order-other-service|ts-order-service|ts-payment-service|ts-price-service|ts-route-service|ts-station-service|ts-ticketinfo-service|ts-train-service|ts-travel-service|ts-travel2-service|ts-ui-dashboard,1441,1706059083,1706060523
/home/user/data/RE2/RE2-TT/ts-order-service_disk/3,RE2-TT,ts-order-service_disk,3,ts-order-service,disk,cluster_info.json|inject_time.txt|logts.csv|metrics.csv|metrics_postprocess.log|pod-node-1.csv|pod-node-2.csv|simple_metrics.csv|traces.csv|tracets_err.csv|tracets_lat.csv,1706061352,True,19335577,126429,20,ts-admin-basic-info-service|ts-admin-travel-service|ts-assurance-service|ts-auth-service|ts-basic-service|ts-config-service|ts-consign-price-service|ts-consign-service|ts-food-map-service|ts-food-service|ts-inside-payment-service|ts-order-other-service|ts-order-service|ts-price-service|ts-route-service|ts-station-service|ts-ticketinfo-service|ts-train-service|ts-travel-service|ts-travel2-service,1706060632,1706062071,True,18,20,True,ts-route-service|ts-station-service|ts-ticketinfo-service|ts-train-service|ts-travel-service,True,1.6694769528706656e-05,True,22,ts-admin-basic-info-service|ts-admin-travel-service|ts-assurance-service|ts-auth-service|ts-basic-service|ts-config-service|ts-consign-price-service|ts-consign-service|ts-food-map-service|ts-food-service|ts-inside-payment-service|ts-order-other-service|ts-order-service|ts-payment-service|ts-price-service|ts-route-service|ts-station-service|ts-ticketinfo-service|ts-train-service|ts-travel-service|ts-travel2-service|ts-ui-dashboard,1441,1706060632,1706062072
/home/user/data/RE2/RE2-TT/ts-order-service_loss/1,RE2-TT,ts-order-service_loss,1,ts-order-service,loss,cluster_info.json|inject_time.txt|logts.csv|metrics.csv|metrics_postprocess.log|pod-node-1.csv|pod-node-2.csv|simple_metrics.csv|traces.csv|tracets_err.csv|tracets_lat.csv,1705988266,True,196831673,1293243,27,ts-admin-basic-info-service|ts-admin-travel-service|ts-assurance-service|ts-auth-service|ts-basic-service|ts-config-service|ts-consign-price-service|ts-consign-service|ts-contacts-service|ts-food-map-service|ts-food-service|ts-inside-payment-service|ts-order-other-service|ts-order-service|ts-payment-service|ts-preserve-other-service|ts-preserve-service|ts-price-service|ts-route-service|ts-seat-service|ts-security-service|ts-station-service|ts-ticketinfo-service|ts-train-service|ts-travel-service|ts-travel2-service|ts-user-service,1705987546,1705988986,True,26,55,False,ts-assurance-service|ts-config-service|ts-contacts-service|ts-food-service|ts-order-other-service|ts-order-service|ts-price-service|ts-route-service|ts-seat-service|ts-security-service|ts-station-service|ts-ticketinfo-service|ts-train-service|ts-travel-service|ts-travel2-service|ts-user-service,True,0.0008424527810656406,True,28,ts-admin-basic-info-service|ts-admin-travel-service|ts-assurance-service|ts-auth-service|ts-basic-service|ts-config-service|ts-consign-price-service|ts-consign-service|ts-contacts-service|ts-food-map-service|ts-food-service|ts-inside-payment-service|ts-order-other-service|ts-order-service|ts-payment-service|ts-preserve-other-service|ts-preserve-service|ts-price-service|ts-route-service|ts-seat-service|ts-security-service|ts-station-service|ts-ticketinfo-service|ts-train-service|ts-travel-service|ts-travel2-service|ts-ui-dashboard|ts-user-service,1441,1705987546,1705988986
/home/user/data/RE2/RE2-TT/ts-order-service_loss/2,RE2-TT,ts-order-service_loss,2,ts-order-service,loss,cluster_info.json|inject_time.txt|logts.csv|metrics.csv|metrics_postprocess.log|pod-node-1.csv|pod-node-2.csv|simple_metrics.csv|traces.csv|tracets_err.csv|tracets_lat.csv,1706070221,True,19333120,126339,20,ts-admin-basic-info-service|ts-admin-travel-service|ts-assurance-service|ts-auth-service|ts-basic-service|ts-config-service|ts-consign-price-service|ts-consign-service|ts-food-map-service|ts-food-service|ts-inside-payment-service|ts-order-other-service|ts-order-service|ts-price-service|ts-route-service|ts-station-service|ts-ticketinfo-service|ts-train-service|ts-travel-service|ts-travel2-service,1706069501,1706070940,True,18,20,True,ts-route-service|ts-station-service|ts-ticketinfo-service|ts-train-service|ts-travel-service,True,8.354637659364713e-06,True,22,ts-admin-basic-info-service|ts-admin-travel-service|ts-assurance-service|ts-auth-service|ts-basic-service|ts-config-service|ts-consign-price-service|ts-consign-service|ts-food-map-service|ts-food-service|ts-inside-payment-service|ts-order-other-service|ts-order-service|ts-payment-service|ts-price-service|ts-route-service|ts-station-service|ts-ticketinfo-service|ts-train-service|ts-travel-service|ts-travel2-service|ts-ui-dashboard,1441,1706069501,1706070941
/home/user/data/RE2/RE2-TT/ts-order-service_loss/3,RE2-TT,ts-order-service_loss,3,ts-order-service,loss,cluster_info.json|inject_time.txt|logts.csv|metrics.csv|metrics_postprocess.log|pod-node-1.csv|pod-node-2.csv|simple_metrics.csv|traces.csv|tracets_err.csv|tracets_lat.csv,1706071770,True,19345952,126456,20,ts-admin-basic-info-service|ts-admin-travel-service|ts-assurance-service|ts-auth-service|ts-basic-service|ts-config-service|ts-consign-price-service|ts-consign-service|ts-food-map-service|ts-food-service|ts-inside-payment-service|ts-order-other-service|ts-order-service|ts-price-service|ts-route-service|ts-station-service|ts-ticketinfo-service|ts-train-service|ts-travel-service|ts-travel2-service,1706071050,1706072489,True,18,20,True,ts-route-service|ts-station-service|ts-ticketinfo-service|ts-train-service|ts-travel-service,True,0.0,True,22,ts-admin-basic-info-service|ts-admin-travel-service|ts-assurance-service|ts-auth-service|ts-basic-service|ts-config-service|ts-consign-price-service|ts-consign-service|ts-food-map-service|ts-food-service|ts-inside-payment-service|ts-order-other-service|ts-order-service|ts-payment-service|ts-price-service|ts-route-service|ts-station-service|ts-ticketinfo-service|ts-train-service|ts-travel-service|ts-travel2-service|ts-ui-dashboard,1441,1706071050,1706072490
/home/user/data/RE2/RE2-TT/ts-order-service_mem/1,RE2-TT,ts-order-service_mem,1,ts-order-service,mem,cluster_info.json|inject_time.txt|logts.csv|metrics.csv|metrics_postprocess.log|pod-node-1.csv|pod-node-2.csv|simple_metrics.csv|traces.csv|tracets_err.csv|tracets_lat.csv,1706198902,True,93759035,610230,27,ts-admin-basic-info-service|ts-admin-travel-service|ts-assurance-service|ts-auth-service|ts-basic-service|ts-config-service|ts-consign-price-service|ts-consign-service|ts-contacts-service|ts-food-map-service|ts-food-service|ts-inside-payment-service|ts-order-other-service|ts-order-service|ts-payment-service|ts-preserve-other-service|ts-preserve-service|ts-price-service|ts-route-service|ts-seat-service|ts-security-service|ts-station-service|ts-ticketinfo-service|ts-train-service|ts-travel-service|ts-travel2-service|ts-user-service,1706198182,1706199621,True,26,55,False,ts-assurance-service|ts-config-service|ts-contacts-service|ts-food-service|ts-order-other-service|ts-order-service|ts-price-service|ts-route-service|ts-seat-service|ts-security-service|ts-station-service|ts-ticketinfo-service|ts-train-service|ts-travel-service|ts-travel2-service|ts-user-service,True,1.986685893371257e-05,True,28,ts-admin-basic-info-service|ts-admin-travel-service|ts-assurance-service|ts-auth-service|ts-basic-service|ts-config-service|ts-consign-price-service|ts-consign-service|ts-contacts-service|ts-food-map-service|ts-food-service|ts-inside-payment-service|ts-order-other-service|ts-order-service|ts-payment-service|ts-preserve-other-service|ts-preserve-service|ts-price-service|ts-route-service|ts-seat-service|ts-security-service|ts-station-service|ts-ticketinfo-service|ts-train-service|ts-travel-service|ts-travel2-service|ts-ui-dashboard|ts-user-service,1441,1706198182,1706199622
/home/user/data/RE2/RE2-TT/ts-order-service_mem/2,RE2-TT,ts-order-service_mem,2,ts-order-service,mem,cluster_info.json|inject_time.txt|logts.csv|metrics.csv|metrics_postprocess.log|pod-node-1.csv|pod-node-2.csv|simple_metrics.csv|traces.csv|tracets_err.csv|tracets_lat.csv,1708443983,True,100714345,655259,27,ts-admin-basic-info-service|ts-admin-travel-service|ts-assurance-service|ts-auth-service|ts-basic-service|ts-config-service|ts-consign-price-service|ts-consign-service|ts-contacts-service|ts-food-map-service|ts-food-service|ts-inside-payment-service|ts-order-other-service|ts-order-service|ts-payment-service|ts-preserve-other-service|ts-preserve-service|ts-price-service|ts-route-service|ts-seat-service|ts-security-service|ts-station-service|ts-ticketinfo-service|ts-train-service|ts-travel-service|ts-travel2-service|ts-user-service,1708443263,1708444702,True,26,55,False,ts-assurance-service|ts-config-service|ts-contacts-service|ts-food-service|ts-order-other-service|ts-order-service|ts-price-service|ts-route-service|ts-seat-service|ts-security-service|ts-station-service|ts-ticketinfo-service|ts-train-service|ts-travel-service|ts-travel2-service|ts-user-service,True,8.171143836799131e-05,True,28,ts-admin-basic-info-service|ts-admin-travel-service|ts-assurance-service|ts-auth-service|ts-basic-service|ts-config-service|ts-consign-price-service|ts-consign-service|ts-contacts-service|ts-food-map-service|ts-food-service|ts-inside-payment-service|ts-order-other-service|ts-order-service|ts-payment-service|ts-preserve-other-service|ts-preserve-service|ts-price-service|ts-route-service|ts-seat-service|ts-security-service|ts-station-service|ts-ticketinfo-service|ts-train-service|ts-travel-service|ts-travel2-service|ts-ui-dashboard|ts-user-service,1441,1708443263,1708444703
/home/user/data/RE2/RE2-TT/ts-order-service_mem/3,RE2-TT,ts-order-service_mem,3,ts-order-service,mem,cluster_info.json|inject_time.txt|logts.csv|metrics.csv|metrics_postprocess.log|pod-node-1.csv|pod-node-2.csv|simple_metrics.csv|traces.csv|tracets_err.csv|tracets_lat.csv,1706200452,True,108001990,704920,27,ts-admin-basic-info-service|ts-admin-travel-service|ts-assurance-service|ts-auth-service|ts-basic-service|ts-config-service|ts-consign-price-service|ts-consign-service|ts-contacts-service|ts-food-map-service|ts-food-service|ts-inside-payment-service|ts-order-other-service|ts-order-service|ts-payment-service|ts-preserve-other-service|ts-preserve-service|ts-price-service|ts-route-service|ts-seat-service|ts-security-service|ts-station-service|ts-ticketinfo-service|ts-train-service|ts-travel-service|ts-travel2-service|ts-user-service,1706199732,1706201172,True,26,55,False,ts-assurance-service|ts-config-service|ts-contacts-service|ts-food-service|ts-order-other-service|ts-order-service|ts-price-service|ts-route-service|ts-seat-service|ts-security-service|ts-station-service|ts-ticketinfo-service|ts-train-service|ts-travel-service|ts-travel2-service|ts-user-service,True,1.860712767495352e-05,True,28,ts-admin-basic-info-service|ts-admin-travel-service|ts-assurance-service|ts-auth-service|ts-basic-service|ts-config-service|ts-consign-price-service|ts-consign-service|ts-contacts-service|ts-food-map-service|ts-food-service|ts-inside-payment-service|ts-order-other-service|ts-order-service|ts-payment-service|ts-preserve-other-service|ts-preserve-service|ts-price-service|ts-route-service|ts-seat-service|ts-security-service|ts-station-service|ts-ticketinfo-service|ts-train-service|ts-travel-service|ts-travel2-service|ts-ui-dashboard|ts-user-service,1441,1706199732,1706201172
/home/user/data/RE2/RE2-TT/ts-order-service_socket/1,RE2-TT,ts-order-service_socket,1,ts-order-service,socket,cluster_info.json|inject_time.txt|logts.csv|metrics.csv|metrics_postprocess.log|pod-node-1.csv|pod-node-2.csv|simple_metrics.csv|traces.csv|tracets_err.csv|tracets_lat.csv,1705986772,True,183404591,1204370,27,ts-admin-basic-info-service|ts-admin-travel-service|ts-assurance-service|ts-auth-service|ts-basic-service|ts-config-service|ts-consign-price-service|ts-consign-service|ts-contacts-service|ts-food-map-service|ts-food-service|ts-inside-payment-service|ts-order-other-service|ts-order-service|ts-payment-service|ts-preserve-other-service|ts-preserve-service|ts-price-service|ts-route-service|ts-seat-service|ts-security-service|ts-station-service|ts-ticketinfo-service|ts-train-service|ts-travel-service|ts-travel2-service|ts-user-service,1705986052,1705987491,True,26,55,False,ts-assurance-service|ts-config-service|ts-contacts-service|ts-food-service|ts-order-other-service|ts-order-service|ts-price-service|ts-route-service|ts-seat-service|ts-security-service|ts-station-service|ts-ticketinfo-service|ts-train-service|ts-travel-service|ts-travel2-service|ts-user-service,True,0.0,True,28,ts-admin-basic-info-service|ts-admin-travel-service|ts-assurance-service|ts-auth-service|ts-basic-service|ts-config-service|ts-consign-price-service|ts-consign-service|ts-contacts-service|ts-food-map-service|ts-food-service|ts-inside-payment-service|ts-order-other-service|ts-order-service|ts-payment-service|ts-preserve-other-service|ts-preserve-service|ts-price-service|ts-route-service|ts-seat-service|ts-security-service|ts-station-service|ts-ticketinfo-service|ts-train-service|ts-travel-service|ts-travel2-service|ts-ui-dashboard|ts-user-service,1441,1705986052,1705987492
/home/user/data/RE2/RE2-TT/ts-order-service_socket/2,RE2-TT,ts-order-service_socket,2,ts-order-service,socket,cluster_info.json|inject_time.txt|logts.csv|metrics.csv|metrics_postprocess.log|pod-node-1.csv|pod-node-2.csv|simple_metrics.csv|traces.csv|tracets_err.csv|tracets_lat.csv,1706062900,True,18903609,123607,20,ts-admin-basic-info-service|ts-admin-travel-service|ts-assurance-service|ts-auth-service|ts-basic-service|ts-config-service|ts-consign-price-service|ts-consign-service|ts-food-map-service|ts-food-service|ts-inside-payment-service|ts-order-other-service|ts-order-service|ts-price-service|ts-route-service|ts-station-service|ts-ticketinfo-service|ts-train-service|ts-travel-service|ts-travel2-service,1706062180,1706063619,True,18,20,True,ts-route-service|ts-station-service|ts-ticketinfo-service|ts-train-service|ts-travel-service,True,3.415475519579214e-05,True,22,ts-admin-basic-info-service|ts-admin-travel-service|ts-assurance-service|ts-auth-service|ts-basic-service|ts-config-service|ts-consign-price-service|ts-consign-service|ts-food-map-service|ts-food-service|ts-inside-payment-service|ts-order-other-service|ts-order-service|ts-payment-service|ts-price-service|ts-route-service|ts-station-service|ts-ticketinfo-service|ts-train-service|ts-travel-service|ts-travel2-service|ts-ui-dashboard,1441,1706062180,1706063620
/home/user/data/RE2/RE2-TT/ts-order-service_socket/3,RE2-TT,ts-order-service_socket,3,ts-order-service,socket,cluster_info.json|inject_time.txt|logts.csv|metrics.csv|metrics_postprocess.log|pod-node-1.csv|pod-node-2.csv|simple_metrics.csv|traces.csv|tracets_err.csv|tracets_lat.csv,1708751883,True,148795006,974523,27,ts-admin-basic-info-service|ts-admin-travel-service|ts-assurance-service|ts-auth-service|ts-basic-service|ts-config-service|ts-consign-price-service|ts-consign-service|ts-contacts-service|ts-food-map-service|ts-food-service|ts-inside-payment-service|ts-order-other-service|ts-order-service|ts-payment-service|ts-preserve-other-service|ts-preserve-service|ts-price-service|ts-route-service|ts-seat-service|ts-security-service|ts-station-service|ts-ticketinfo-service|ts-train-service|ts-travel-service|ts-travel2-service|ts-user-service,1708751163,1708752603,True,26,55,False,ts-assurance-service|ts-config-service|ts-contacts-service|ts-food-service|ts-order-other-service|ts-order-service|ts-price-service|ts-route-service|ts-seat-service|ts-security-service|ts-station-service|ts-ticketinfo-service|ts-train-service|ts-travel-service|ts-travel2-service|ts-user-service,True,0.00012811134942577188,True,28,ts-admin-basic-info-service|ts-admin-travel-service|ts-assurance-service|ts-auth-service|ts-basic-service|ts-config-service|ts-consign-price-service|ts-consign-service|ts-contacts-service|ts-food-map-service|ts-food-service|ts-inside-payment-service|ts-order-other-service|ts-order-service|ts-payment-service|ts-preserve-other-service|ts-preserve-service|ts-price-service|ts-route-service|ts-seat-service|ts-security-service|ts-station-service|ts-ticketinfo-service|ts-train-service|ts-travel-service|ts-travel2-service|ts-ui-dashboard|ts-user-service,1441,1708751163,1708752603
/home/user/data/RE2/RE2-TT/ts-route-service_cpu/1,RE2-TT,ts-route-service_cpu,1,ts-route-service,cpu,cluster_info.json|inject_time.txt|logts.csv|metrics.csv|metrics_postprocess.log|pod-node-1.csv|pod-node-2.csv|simple_metrics.csv|traces.csv|tracets_err.csv|tracets_lat.csv,1705938117,True,116142608,758384,27,ts-admin-basic-info-service|ts-admin-travel-service|ts-assurance-service|ts-auth-service|ts-basic-service|ts-config-service|ts-consign-price-service|ts-consign-service|ts-contacts-service|ts-food-map-service|ts-food-service|ts-inside-payment-service|ts-order-other-service|ts-order-service|ts-payment-service|ts-preserve-other-service|ts-preserve-service|ts-price-service|ts-route-service|ts-seat-service|ts-security-service|ts-station-service|ts-ticketinfo-service|ts-train-service|ts-travel-service|ts-travel2-service|ts-user-service,1705937397,1705938836,True,26,55,False,ts-assurance-service|ts-config-service|ts-contacts-service|ts-food-service|ts-order-other-service|ts-order-service|ts-price-service|ts-route-service|ts-seat-service|ts-security-service|ts-station-service|ts-ticketinfo-service|ts-train-service|ts-travel-service|ts-travel2-service|ts-user-service,True,2.3932160302927966e-05,True,28,ts-admin-basic-info-service|ts-admin-travel-service|ts-assurance-service|ts-auth-service|ts-basic-service|ts-config-service|ts-consign-price-service|ts-consign-service|ts-contacts-service|ts-food-map-service|ts-food-service|ts-inside-payment-service|ts-order-other-service|ts-order-service|ts-payment-service|ts-preserve-other-service|ts-preserve-service|ts-price-service|ts-route-service|ts-seat-service|ts-security-service|ts-station-service|ts-ticketinfo-service|ts-train-service|ts-travel-service|ts-travel2-service|ts-ui-dashboard|ts-user-service,1441,1705937397,1705938837
/home/user/data/RE2/RE2-TT/ts-route-service_cpu/2,RE2-TT,ts-route-service_cpu,2,ts-route-service,cpu,cluster_info.json|inject_time.txt|logts.csv|metrics.csv|metrics_postprocess.log|pod-node-1.csv|pod-node-2.csv|simple_metrics.csv|traces.csv|tracets_err.csv|tracets_lat.csv,1706076163,True,19226739,125618,20,ts-admin-basic-info-service|ts-admin-travel-service|ts-assurance-service|ts-auth-service|ts-basic-service|ts-config-service|ts-consign-price-service|ts-consign-service|ts-food-map-service|ts-food-service|ts-inside-payment-service|ts-order-other-service|ts-order-service|ts-price-service|ts-route-service|ts-station-service|ts-ticketinfo-service|ts-train-service|ts-travel-service|ts-travel2-service,1706075443,1706076882,True,18,20,True,ts-route-service|ts-station-service|ts-ticketinfo-service|ts-train-service|ts-travel-service,True,8.404773911581778e-06,True,22,ts-admin-basic-info-service|ts-admin-travel-service|ts-assurance-service|ts-auth-service|ts-basic-service|ts-config-service|ts-consign-price-service|ts-consign-service|ts-food-map-service|ts-food-service|ts-inside-payment-service|ts-order-other-service|ts-order-service|ts-payment-service|ts-price-service|ts-route-service|ts-station-service|ts-ticketinfo-service|ts-train-service|ts-travel-service|ts-travel2-service|ts-ui-dashboard,1441,1706075443,1706076883
/home/user/data/RE2/RE2-TT/ts-route-service_cpu/3,RE2-TT,ts-route-service_cpu,3,ts-route-service,cpu,cluster_info.json|inject_time.txt|logts.csv|metrics.csv|metrics_postprocess.log|pod-node-1.csv|pod-node-2.csv|simple_metrics.csv|traces.csv|tracets_err.csv|tracets_lat.csv,1706077706,True,19210401,125549,20,ts-admin-basic-info-service|ts-admin-travel-service|ts-assurance-service|ts-auth-service|ts-basic-service|ts-config-service|ts-consign-price-service|ts-consign-service|ts-food-map-service|ts-food-service|ts-inside-payment-service|ts-order-other-service|ts-order-service|ts-price-service|ts-route-service|ts-station-service|ts-ticketinfo-service|ts-train-service|ts-travel-service|ts-travel2-service,1706076986,1706078425,True,18,20,True,ts-route-service|ts-station-service|ts-ticketinfo-service|ts-train-service|ts-travel-service,True,0.0,True,22,ts-admin-basic-info-service|ts-admin-travel-service|ts-assurance-service|ts-auth-service|ts-basic-service|ts-config-service|ts-consign-price-service|ts-consign-service|ts-food-map-service|ts-food-service|ts-inside-payment-service|ts-order-other-service|ts-order-service|ts-payment-service|ts-price-service|ts-route-service|ts-station-service|ts-ticketinfo-service|ts-train-service|ts-travel-service|ts-travel2-service|ts-ui-dashboard,1441,1706076986,1706078426
/home/user/data/RE2/RE2-TT/ts-route-service_delay/1,RE2-TT,ts-route-service_delay,1,ts-route-service,delay,cluster_info.json|inject_time.txt|logts.csv|metrics.csv|metrics_postprocess.log|pod-node-1.csv|pod-node-2.csv|simple_metrics.csv|traces.csv|tracets_err.csv|tracets_lat.csv,1705939611,True,119800460,783245,27,ts-admin-basic-info-service|ts-admin-travel-service|ts-assurance-service|ts-auth-service|ts-basic-service|ts-config-service|ts-consign-price-service|ts-consign-service|ts-contacts-service|ts-food-map-service|ts-food-service|ts-inside-payment-service|ts-order-other-service|ts-order-service|ts-payment-service|ts-preserve-other-service|ts-preserve-service|ts-price-service|ts-route-service|ts-seat-service|ts-security-service|ts-station-service|ts-ticketinfo-service|ts-train-service|ts-travel-service|ts-travel2-service|ts-user-service,1705938891,1705940331,True,26,55,False,ts-assurance-service|ts-config-service|ts-contacts-service|ts-food-service|ts-order-other-service|ts-order-service|ts-price-service|ts-route-service|ts-seat-service|ts-security-service|ts-station-service|ts-ticketinfo-service|ts-train-service|ts-travel-service|ts-travel2-service|ts-user-service,True,1.2861769419342557e-06,True,28,ts-admin-basic-info-service|ts-admin-travel-service|ts-assurance-service|ts-auth-service|ts-basic-service|ts-config-service|ts-consign-price-service|ts-consign-service|ts-contacts-service|ts-food-map-service|ts-food-service|ts-inside-payment-service|ts-order-other-service|ts-order-service|ts-payment-service|ts-preserve-other-service|ts-preserve-service|ts-price-service|ts-route-service|ts-seat-service|ts-security-service|ts-station-service|ts-ticketinfo-service|ts-train-service|ts-travel-service|ts-travel2-service|ts-ui-dashboard|ts-user-service,1441,1705938891,1705940331
/home/user/data/RE2/RE2-TT/ts-route-service_delay/2,RE2-TT,ts-route-service_delay,2,ts-route-service,delay,cluster_info.json|inject_time.txt|logts.csv|metrics.csv|metrics_postprocess.log|pod-node-1.csv|pod-node-2.csv|simple_metrics.csv|traces.csv|tracets_err.csv|tracets_lat.csv,1706091325,True,113610152,742553,27,ts-admin-basic-info-service|ts-admin-travel-service|ts-assurance-service|ts-auth-service|ts-basic-service|ts-config-service|ts-consign-price-service|ts-consign-service|ts-contacts-service|ts-food-map-service|ts-food-service|ts-inside-payment-service|ts-order-other-service|ts-order-service|ts-payment-service|ts-preserve-other-service|ts-preserve-service|ts-price-service|ts-route-service|ts-seat-service|ts-security-service|ts-station-service|ts-ticketinfo-service|ts-train-service|ts-travel-service|ts-travel2-service|ts-user-service,1706090605,1706092044,True,26,55,False,ts-assurance-service|ts-config-service|ts-contacts-service|ts-food-service|ts-order-other-service|ts-order-service|ts-price-service|ts-route-service|ts-seat-service|ts-security-service|ts-station-service|ts-ticketinfo-service|ts-train-service|ts-travel-service|ts-travel2-service|ts-user-service,True,0.0003528864072227704,True,28,ts-admin-basic-info-service|ts-admin-travel-service|ts-assurance-service|ts-auth-service|ts-basic-service|ts-config-service|ts-consign-price-service|ts-consign-service|ts-contacts-service|ts-food-map-service|ts-food-service|ts-inside-payment-service|ts-order-other-service|ts-order-service|ts-payment-service|ts-preserve-other-service|ts-preserve-service|ts-price-service|ts-route-service|ts-seat-service|ts-security-service|ts-station-service|ts-ticketinfo-service|ts-train-service|ts-travel-service|ts-travel2-service|ts-ui-dashboard|ts-user-service,1441,1706090605,1706092045
/home/user/data/RE2/RE2-TT/ts-route-service_delay/3,RE2-TT,ts-route-service_delay,3,ts-route-service,delay,cluster_info.json|inject_time.txt|logts.csv|metrics.csv|metrics_postprocess.log|pod-node-1.csv|pod-node-2.csv|simple_metrics.csv|traces.csv|tracets_err.csv|tracets_lat.csv,1706092874,True,132288563,866958,27,ts-admin-basic-info-service|ts-admin-travel-service|ts-assurance-service|ts-auth-service|ts-basic-service|ts-config-service|ts-consign-price-service|ts-consign-service|ts-contacts-service|ts-food-map-service|ts-food-service|ts-inside-payment-service|ts-order-other-service|ts-order-service|ts-payment-service|ts-preserve-other-service|ts-preserve-service|ts-price-service|ts-route-service|ts-seat-service|ts-security-service|ts-station-service|ts-ticketinfo-service|ts-train-service|ts-travel-service|ts-travel2-service|ts-user-service,1706092154,1706093593,True,26,55,False,ts-assurance-service|ts-config-service|ts-contacts-service|ts-food-service|ts-order-other-service|ts-order-service|ts-price-service|ts-route-service|ts-seat-service|ts-security-service|ts-station-service|ts-ticketinfo-service|ts-train-service|ts-travel-service|ts-travel2-service|ts-user-service,True,1.1611691115082309e-06,True,28,ts-admin-basic-info-service|ts-admin-travel-service|ts-assurance-service|ts-auth-service|ts-basic-service|ts-config-service|ts-consign-price-service|ts-consign-service|ts-contacts-service|ts-food-map-service|ts-food-service|ts-inside-payment-service|ts-order-other-service|ts-order-service|ts-payment-service|ts-preserve-other-service|ts-preserve-service|ts-price-service|ts-route-service|ts-seat-service|ts-security-service|ts-station-service|ts-ticketinfo-service|ts-train-service|ts-travel-service|ts-travel2-service|ts-ui-dashboard|ts-user-service,1441,1706092154,1706093594
/home/user/data/RE2/RE2-TT/ts-route-service_disk/1,RE2-TT,ts-route-service_disk,1,ts-route-service,disk,cluster_info.json|inject_time.txt|logts.csv|metrics.csv|metrics_postprocess.log|pod-node-1.csv|pod-node-2.csv|simple_metrics.csv|traces.csv|tracets_err.csv|tracets_lat.csv,1705990546,True,200311086,1316502,27,ts-admin-basic-info-service|ts-admin-travel-service|ts-assurance-service|ts-auth-service|ts-basic-service|ts-config-service|ts-consign-price-service|ts-consign-service|ts-contacts-service|ts-food-map-service|ts-food-service|ts-inside-payment-service|ts-order-other-service|ts-order-service|ts-payment-service|ts-preserve-other-service|ts-preserve-service|ts-price-service|ts-route-service|ts-seat-service|ts-security-service|ts-station-service|ts-ticketinfo-service|ts-train-service|ts-travel-service|ts-travel2-service|ts-user-service,1705989826,1705991265,True,26,55,False,ts-assurance-service|ts-config-service|ts-contacts-service|ts-food-service|ts-order-other-service|ts-order-service|ts-price-service|ts-route-service|ts-seat-service|ts-security-service|ts-station-service|ts-ticketinfo-service|ts-train-service|ts-travel-service|ts-travel2-service|ts-user-service,True,0.0009687082058516388,True,28,ts-admin-basic-info-service|ts-admin-travel-service|ts-assurance-service|ts-auth-service|ts-basic-service|ts-config-service|ts-consign-price-service|ts-consign-service|ts-contacts-service|ts-food-map-service|ts-food-service|ts-inside-payment-service|ts-order-other-service|ts-order-service|ts-payment-service|ts-preserve-other-service|ts-preserve-service|ts-price-service|ts-route-service|ts-seat-service|ts-security-service|ts-station-service|ts-ticketinfo-service|ts-train-service|ts-travel-service|ts-travel2-service|ts-ui-dashboard|ts-user-service,1441,1705989826,1705991266
/home/user/data/RE2/RE2-TT/ts-route-service_disk/2,RE2-TT,ts-route-service_disk,2,ts-route-service,disk,cluster_info.json|inject_time.txt|logts.csv|metrics.csv|metrics_postprocess.log|pod-node-1.csv|pod-node-2.csv|simple_metrics.csv|traces.csv|tracets_err.csv|tracets_lat.csv,1706085230,True,49733669,325410,27,ts-admin-basic-info-service|ts-admin-travel-service|ts-assurance-service|ts-auth-service|ts-basic-service|ts-config-service|ts-consign-price-service|ts-consign-service|ts-contacts-service|ts-food-map-service|ts-food-service|ts-inside-payment-service|ts-order-other-service|ts-order-service|ts-payment-service|ts-preserve-other-service|ts-preserve-service|ts-price-service|ts-route-service|ts-seat-service|ts-security-service|ts-station-service|ts-ticketinfo-service|ts-train-service|ts-travel-service|ts-travel2-service|ts-user-service,1706084510,1706085950,True,26,55,False,ts-assurance-service|ts-config-service|ts-contacts-service|ts-food-service|ts-order-other-service|ts-order-service|ts-price-service|ts-route-service|ts-seat-service|ts-security-service|ts-station-service|ts-ticketinfo-service|ts-train-service|ts-travel-service|ts-travel2-service|ts-user-service,True,0.6145712711082488,True,28,ts-admin-basic-info-service|ts-admin-travel-service|ts-assurance-service|ts-auth-service|ts-basic-service|ts-config-service|ts-consign-price-service|ts-consign-service|ts-contacts-service|ts-food-map-service|ts-food-service|ts-inside-payment-service|ts-order-other-service|ts-order-service|ts-payment-service|ts-preserve-other-service|ts-preserve-service|ts-price-service|ts-route-service|ts-seat-service|ts-security-service|ts-station-service|ts-ticketinfo-service|ts-train-service|ts-travel-service|ts-travel2-service|ts-ui-dashboard|ts-user-service,1441,1706084510,1706085950
/home/user/data/RE2/RE2-TT/ts-route-service_disk/3,RE2-TT,ts-route-service_disk,3,ts-route-service,disk,cluster_info.json|inject_time.txt|logts.csv|metrics.csv|metrics_postprocess.log|pod-node-1.csv|pod-node-2.csv|simple_metrics.csv|traces.csv|tracets_err.csv|tracets_lat.csv,1706183080,True,83642445,544009,27,ts-admin-basic-info-service|ts-admin-travel-service|ts-assurance-service|ts-auth-service|ts-basic-service|ts-config-service|ts-consign-price-service|ts-consign-service|ts-contacts-service|ts-food-map-service|ts-food-service|ts-inside-payment-service|ts-order-other-service|ts-order-service|ts-payment-service|ts-preserve-other-service|ts-preserve-service|ts-price-service|ts-route-service|ts-seat-service|ts-security-service|ts-station-service|ts-ticketinfo-service|ts-train-service|ts-travel-service|ts-travel2-service|ts-user-service,1706182360,1706183800,True,26,55,False,ts-assurance-service|ts-config-service|ts-contacts-service|ts-food-service|ts-order-other-service|ts-order-service|ts-price-service|ts-route-service|ts-seat-service|ts-security-service|ts-station-service|ts-ticketinfo-service|ts-train-service|ts-travel-service|ts-travel2-service|ts-user-service,True,1.4862208747152958e-05,True,28,ts-admin-basic-info-service|ts-admin-travel-service|ts-assurance-service|ts-auth-service|ts-basic-service|ts-config-service|ts-consign-price-service|ts-consign-service|ts-contacts-service|ts-food-map-service|ts-food-service|ts-inside-payment-service|ts-order-other-service|ts-order-service|ts-payment-service|ts-preserve-other-service|ts-preserve-service|ts-price-service|ts-route-service|ts-seat-service|ts-security-service|ts-station-service|ts-ticketinfo-service|ts-train-service|ts-travel-service|ts-travel2-service|ts-ui-dashboard|ts-user-service,1441,1706182360,1706183800
/home/user/data/RE2/RE2-TT/ts-route-service_loss/1,RE2-TT,ts-route-service_loss,1,ts-route-service,loss,cluster_info.json|inject_time.txt|logts.csv|metrics.csv|metrics_postprocess.log|pod-node-1.csv|pod-node-2.csv|simple_metrics.csv|traces.csv|tracets_err.csv|tracets_lat.csv,1705993539,True,182037370,1198291,27,ts-admin-basic-info-service|ts-admin-travel-service|ts-assurance-service|ts-auth-service|ts-basic-service|ts-config-service|ts-consign-price-service|ts-consign-service|ts-contacts-service|ts-food-map-service|ts-food-service|ts-inside-payment-service|ts-order-other-service|ts-order-service|ts-payment-service|ts-preserve-other-service|ts-preserve-service|ts-price-service|ts-route-service|ts-seat-service|ts-security-service|ts-station-service|ts-ticketinfo-service|ts-train-service|ts-travel-service|ts-travel2-service|ts-user-service,1705992819,1705994258,True,26,55,False,ts-assurance-service|ts-config-service|ts-contacts-service|ts-food-service|ts-order-other-service|ts-order-service|ts-price-service|ts-route-service|ts-seat-service|ts-security-service|ts-station-service|ts-ticketinfo-service|ts-train-service|ts-travel-service|ts-travel2-service|ts-user-service,True,0.002522298459135413,True,28,ts-admin-basic-info-service|ts-admin-travel-service|ts-assurance-service|ts-auth-service|ts-basic-service|ts-config-service|ts-consign-price-service|ts-consign-service|ts-contacts-service|ts-food-map-service|ts-food-service|ts-inside-payment-service|ts-order-other-service|ts-order-service|ts-payment-service|ts-preserve-other-service|ts-preserve-service|ts-price-service|ts-route-service|ts-seat-service|ts-security-service|ts-station-service|ts-ticketinfo-service|ts-train-service|ts-travel-service|ts-travel2-service|ts-ui-dashboard|ts-user-service,1441,1705992819,1705994259
/home/user/data/RE2/RE2-TT/ts-route-service_loss/2,RE2-TT,ts-route-service_loss,2,ts-route-service,loss,cluster_info.json|inject_time.txt|logts.csv|metrics.csv|metrics_postprocess.log|pod-node-1.csv|pod-node-2.csv|simple_metrics.csv|traces.csv|tracets_err.csv|tracets_lat.csv,1706094419,True,133432325,875640,27,ts-admin-basic-info-service|ts-admin-travel-service|ts-assurance-service|ts-auth-service|ts-basic-service|ts-config-service|ts-consign-price-service|ts-consign-service|ts-contacts-service|ts-food-map-service|ts-food-service|ts-inside-payment-service|ts-order-other-service|ts-order-service|ts-payment-service|ts-preserve-other-service|ts-preserve-service|ts-price-service|ts-route-service|ts-seat-service|ts-security-service|ts-station-service|ts-ticketinfo-service|ts-train-service|ts-travel-service|ts-travel2-service|ts-user-service,1706093700,1706095139,True,26,55,False,ts-assurance-service|ts-config-service|ts-contacts-service|ts-food-service|ts-order-other-service|ts-order-service|ts-price-service|ts-route-service|ts-seat-service|ts-security-service|ts-station-service|ts-ticketinfo-service|ts-train-service|ts-travel-service|ts-travel2-service|ts-user-service,True,0.18786129492236647,True,28,ts-admin-basic-info-service|ts-admin-travel-service|ts-assurance-service|ts-auth-service|ts-basic-service|ts-config-service|ts-consign-price-service|ts-consign-service|ts-contacts-service|ts-food-map-service|ts-food-service|ts-inside-payment-service|ts-order-other-service|ts-order-service|ts-payment-service|ts-preserve-other-service|ts-preserve-service|ts-price-service|ts-route-service|ts-seat-service|ts-security-service|ts-station-service|ts-ticketinfo-service|ts-train-service|ts-travel-service|ts-travel2-service|ts-ui-dashboard|ts-user-service,1441,1706093699,1706095139
/home/user/data/RE2/RE2-TT/ts-route-service_loss/3,RE2-TT,ts-route-service_loss,3,ts-route-service,loss,cluster_info.json|inject_time.txt|logts.csv|metrics.csv|metrics_postprocess.log|pod-node-1.csv|pod-node-2.csv|simple_metrics.csv|traces.csv|tracets_err.csv|tracets_lat.csv,1706102401,True,96179912,626121,27,ts-admin-basic-info-service|ts-admin-travel-service|ts-assurance-service|ts-auth-service|ts-basic-service|ts-config-service|ts-consign-price-service|ts-consign-service|ts-contacts-service|ts-food-map-service|ts-food-service|ts-inside-payment-service|ts-order-other-service|ts-order-service|ts-payment-service|ts-preserve-other-service|ts-preserve-service|ts-price-service|ts-route-service|ts-seat-service|ts-security-service|ts-station-service|ts-ticketinfo-service|ts-train-service|ts-travel-service|ts-travel2-service|ts-user-service,1706101681,1706103121,True,26,55,False,ts-assurance-service|ts-config-service|ts-contacts-service|ts-food-service|ts-order-other-service|ts-order-service|ts-price-service|ts-route-service|ts-seat-service|ts-security-service|ts-station-service|ts-ticketinfo-service|ts-train-service|ts-travel-service|ts-travel2-service|ts-user-service,True,0.00012747281117888147,True,28,ts-admin-basic-info-service|ts-admin-travel-service|ts-assurance-service|ts-auth-service|ts-basic-service|ts-config-service|ts-consign-price-service|ts-consign-service|ts-contacts-service|ts-food-map-service|ts-food-service|ts-inside-payment-service|ts-order-other-service|ts-order-service|ts-payment-service|ts-preserve-other-service|ts-preserve-service|ts-price-service|ts-route-service|ts-seat-service|ts-security-service|ts-station-service|ts-ticketinfo-service|ts-train-service|ts-travel-service|ts-travel2-service|ts-ui-dashboard|ts-user-service,1441,1706101681,1706103121
/home/user/data/RE2/RE2-TT/ts-route-service_mem/1,RE2-TT,ts-route-service_mem,1,ts-route-service,mem,cluster_info.json|inject_time.txt|logts.csv|metrics.csv|metrics_postprocess.log|pod-node-1.csv|pod-node-2.csv|simple_metrics.csv|traces.csv|tracets_err.csv|tracets_lat.csv,1706179570,True,105371106,688564,27,ts-admin-basic-info-service|ts-admin-travel-service|ts-assurance-service|ts-auth-service|ts-basic-service|ts-config-service|ts-consign-price-service|ts-consign-service|ts-contacts-service|ts-food-map-service|ts-food-service|ts-inside-payment-service|ts-order-other-service|ts-order-service|ts-payment-service|ts-preserve-other-service|ts-preserve-service|ts-price-service|ts-route-service|ts-seat-service|ts-security-service|ts-station-service|ts-ticketinfo-service|ts-train-service|ts-travel-service|ts-travel2-service|ts-user-service,1706178850,1706180289,True,26,55,False,ts-assurance-service|ts-config-service|ts-contacts-service|ts-food-service|ts-order-other-service|ts-order-service|ts-price-service|ts-route-service|ts-seat-service|ts-security-service|ts-station-service|ts-ticketinfo-service|ts-train-service|ts-travel-service|ts-travel2-service|ts-user-service,True,1.4644140074128638e-05,True,28,ts-admin-basic-info-service|ts-admin-travel-service|ts-assurance-service|ts-auth-service|ts-basic-service|ts-config-service|ts-consign-price-service|ts-consign-service|ts-contacts-service|ts-food-map-service|ts-food-service|ts-inside-payment-service|ts-order-other-service|ts-order-service|ts-payment-service|ts-preserve-other-service|ts-preserve-service|ts-price-service|ts-route-service|ts-seat-service|ts-security-service|ts-station-service|ts-ticketinfo-service|ts-train-service|ts-travel-service|ts-travel2-service|ts-ui-dashboard|ts-user-service,1441,1706178850,1706180290
/home/user/data/RE2/RE2-TT/ts-route-service_mem/2,RE2-TT,ts-route-service_mem,2,ts-route-service,mem,cluster_info.json|inject_time.txt|logts.csv|metrics.csv|metrics_postprocess.log|pod-node-1.csv|pod-node-2.csv|simple_metrics.csv|traces.csv|tracets_err.csv|tracets_lat.csv,1706082132,True,97100801,631943,27,ts-admin-basic-info-service|ts-admin-travel-service|ts-assurance-service|ts-auth-service|ts-basic-service|ts-config-service|ts-consign-price-service|ts-consign-service|ts-contacts-service|ts-food-map-service|ts-food-service|ts-inside-payment-service|ts-order-other-service|ts-order-service|ts-payment-service|ts-preserve-other-service|ts-preserve-service|ts-price-service|ts-route-service|ts-seat-service|ts-security-service|ts-station-service|ts-ticketinfo-service|ts-train-service|ts-travel-service|ts-travel2-service|ts-user-service,1706081412,1706082851,True,26,55,False,ts-assurance-service|ts-config-service|ts-contacts-service|ts-food-service|ts-order-other-service|ts-order-service|ts-price-service|ts-route-service|ts-seat-service|ts-security-service|ts-station-service|ts-ticketinfo-service|ts-train-service|ts-travel-service|ts-travel2-service|ts-user-service,True,4.3160706492808944e-05,True,28,ts-admin-basic-info-service|ts-admin-travel-service|ts-assurance-service|ts-auth-service|ts-basic-service|ts-config-service|ts-consign-price-service|ts-consign-service|ts-contacts-service|ts-food-map-service|ts-food-service|ts-inside-payment-service|ts-order-other-service|ts-order-service|ts-payment-service|ts-preserve-other-service|ts-preserve-service|ts-price-service|ts-route-service|ts-seat-service|ts-security-service|ts-station-service|ts-ticketinfo-service|ts-train-service|ts-travel-service|ts-travel2-service|ts-ui-dashboard|ts-user-service,1441,1706081412,1706082852
/home/user/data/RE2/RE2-TT/ts-route-service_mem/3,RE2-TT,ts-route-service_mem,3,ts-route-service,mem,cluster_info.json|inject_time.txt|logts.csv|metrics.csv|metrics_postprocess.log|pod-node-1.csv|pod-node-2.csv|simple_metrics.csv|traces.csv|tracets_err.csv|tracets_lat.csv,1706083682,True,112372790,733836,27,ts-admin-basic-info-service|ts-admin-travel-service|ts-assurance-service|ts-auth-service|ts-basic-service|ts-config-service|ts-consign-price-service|ts-consign-service|ts-contacts-service|ts-food-map-service|ts-food-service|ts-inside-payment-service|ts-order-other-service|ts-order-service|ts-payment-service|ts-preserve-other-service|ts-preserve-service|ts-price-service|ts-route-service|ts-seat-service|ts-security-service|ts-station-service|ts-ticketinfo-service|ts-train-service|ts-travel-service|ts-travel2-service|ts-user-service,1706082962,1706084401,True,26,55,False,ts-assurance-service|ts-config-service|ts-contacts-service|ts-food-service|ts-order-other-service|ts-order-service|ts-price-service|ts-route-service|ts-seat-service|ts-security-service|ts-station-service|ts-ticketinfo-service|ts-train-service|ts-travel-service|ts-travel2-service|ts-user-service,True,1.3747027205366839e-05,True,28,ts-admin-basic-info-service|ts-admin-travel-service|ts-assurance-service|ts-auth-service|ts-basic-service|ts-config-service|ts-consign-price-service|ts-consign-service|ts-contacts-service|ts-food-map-service|ts-food-service|ts-inside-payment-service|ts-order-other-service|ts-order-service|ts-payment-service|ts-preserve-other-service|ts-preserve-service|ts-price-service|ts-route-service|ts-seat-service|ts-security-service|ts-station-service|ts-ticketinfo-service|ts-train-service|ts-travel-service|ts-travel2-service|ts-ui-dashboard|ts-user-service,1441,1706082962,1706084402
/home/user/data/RE2/RE2-TT/ts-route-service_socket/1,RE2-TT,ts-route-service_socket,1,ts-route-service,socket,cluster_info.json|inject_time.txt|logts.csv|metrics.csv|metrics_postprocess.log|pod-node-1.csv|pod-node-2.csv|simple_metrics.csv|traces.csv|tracets_err.csv|tracets_lat.csv,1705992046,True,233353404,1535674,27,ts-admin-basic-info-service|ts-admin-travel-service|ts-assurance-service|ts-auth-service|ts-basic-service|ts-config-service|ts-consign-price-service|ts-consign-service|ts-contacts-service|ts-food-map-service|ts-food-service|ts-inside-payment-service|ts-order-other-service|ts-order-service|ts-payment-service|ts-preserve-other-service|ts-preserve-service|ts-price-service|ts-route-service|ts-seat-service|ts-security-service|ts-station-service|ts-ticketinfo-service|ts-train-service|ts-travel-service|ts-travel2-service|ts-user-service,1705991326,1705992766,True,26,55,False,ts-assurance-service|ts-config-service|ts-contacts-service|ts-food-service|ts-order-other-service|ts-order-service|ts-price-service|ts-route-service|ts-seat-service|ts-security-service|ts-station-service|ts-ticketinfo-service|ts-train-service|ts-travel-service|ts-travel2-service|ts-user-service,True,0.0010043554764509373,True,28,ts-admin-basic-info-service|ts-admin-travel-service|ts-assurance-service|ts-auth-service|ts-basic-service|ts-config-service|ts-consign-price-service|ts-consign-service|ts-contacts-service|ts-food-map-service|ts-food-service|ts-inside-payment-service|ts-order-other-service|ts-order-service|ts-payment-service|ts-preserve-other-service|ts-preserve-service|ts-price-service|ts-route-service|ts-seat-service|ts-security-service|ts-station-service|ts-ticketinfo-service|ts-train-service|ts-travel-service|ts-travel2-service|ts-ui-dashboard|ts-user-service,1441,1705991326,1705992766
/home/user/data/RE2/RE2-TT/ts-route-service_socket/2,RE2-TT,ts-route-service_socket,2,ts-route-service,socket,cluster_info.json|inject_time.txt|logts.csv|metrics.csv|metrics_postprocess.log|pod-node-1.csv|pod-node-2.csv|simple_metrics.csv|traces.csv|tracets_err.csv|tracets_lat.csv,1706088233,True,100663654,655457,27,ts-admin-basic-info-service|ts-admin-travel-service|ts-assurance-service|ts-auth-service|ts-basic-service|ts-config-service|ts-consign-price-service|ts-consign-service|ts-contacts-service|ts-food-map-service|ts-food-service|ts-inside-payment-service|ts-order-other-service|ts-order-service|ts-payment-service|ts-preserve-other-service|ts-preserve-service|ts-price-service|ts-route-service|ts-seat-service|ts-security-service|ts-station-service|ts-ticketinfo-service|ts-train-service|ts-travel-service|ts-travel2-service|ts-user-service,1706087513,1706088952,True,26,55,False,ts-assurance-service|ts-config-service|ts-contacts-service|ts-food-service|ts-order-other-service|ts-order-service|ts-price-service|ts-route-service|ts-seat-service|ts-security-service|ts-station-service|ts-ticketinfo-service|ts-train-service|ts-travel-service|ts-travel2-service|ts-user-service,True,9.24651676008217e-06,True,28,ts-admin-basic-info-service|ts-admin-travel-service|ts-assurance-service|ts-auth-service|ts-basic-service|ts-config-service|ts-consign-price-service|ts-consign-service|ts-contacts-service|ts-food-map-service|ts-food-service|ts-inside-payment-service|ts-order-other-service|ts-order-service|ts-payment-service|ts-preserve-other-service|ts-preserve-service|ts-price-service|ts-route-service|ts-seat-service|ts-security-service|ts-station-service|ts-ticketinfo-service|ts-train-service|ts-travel-service|ts-travel2-service|ts-ui-dashboard|ts-user-service,1441,1706087513,1706088953
/home/user/data/RE2/RE2-TT/ts-route-service_socket/3,RE2-TT,ts-route-service_socket,3,ts-route-service,socket,cluster_info.json|inject_time.txt|logts.csv|metrics.csv|metrics_postprocess.log|pod-node-1.csv|pod-node-2.csv|simple_metrics.csv|traces.csv|tracets_err.csv|tracets_lat.csv,1706089779,True,117959557,770484,27,ts-admin-basic-info-service|ts-admin-travel-service|ts-assurance-service|ts-auth-service|ts-basic-service|ts-config-service|ts-consign-price-service|ts-consign-service|ts-contacts-service|ts-food-map-service|ts-food-service|ts-inside-payment-service|ts-order-other-service|ts-order-service|ts-payment-service|ts-preserve-other-service|ts-preserve-service|ts-price-service|ts-route-service|ts-seat-service|ts-security-service|ts-station-service|ts-ticketinfo-service|ts-train-service|ts-travel-service|ts-travel2-service|ts-user-service,1706089059,1706090498,True,26,55,False,ts-assurance-service|ts-config-service|ts-contacts-service|ts-food-service|ts-order-other-service|ts-order-service|ts-price-service|ts-route-service|ts-seat-service|ts-security-service|ts-station-service|ts-ticketinfo-service|ts-train-service|ts-travel-service|ts-travel2-service|ts-user-service,True,0.0,True,28,ts-admin-basic-info-service|ts-admin-travel-service|ts-assurance-service|ts-auth-service|ts-basic-service|ts-config-service|ts-consign-price-service|ts-consign-service|ts-contacts-service|ts-food-map-service|ts-food-service|ts-inside-payment-service|ts-order-other-service|ts-order-service|ts-payment-service|ts-preserve-other-service|ts-preserve-service|ts-price-service|ts-route-service|ts-seat-service|ts-security-service|ts-station-service|ts-ticketinfo-service|ts-train-service|ts-travel-service|ts-travel2-service|ts-ui-dashboard|ts-user-service,1441,1706089059,1706090499
/home/user/data/RE2/RE2-TT/ts-train-service_cpu/1,RE2-TT,ts-train-service_cpu,1,ts-train-service,cpu,cluster_info.json|inject_time.txt|logts.csv|metrics.csv|metrics_postprocess.log|pod-node-1.csv|pod-node-2.csv|simple_metrics.csv|traces.csv|tracets_err.csv|tracets_lat.csv,1705942599,True,160711076,1053578,27,ts-admin-basic-info-service|ts-admin-travel-service|ts-assurance-service|ts-auth-service|ts-basic-service|ts-config-service|ts-consign-price-service|ts-consign-service|ts-contacts-service|ts-food-map-service|ts-food-service|ts-inside-payment-service|ts-order-other-service|ts-order-service|ts-payment-service|ts-preserve-other-service|ts-preserve-service|ts-price-service|ts-route-service|ts-seat-service|ts-security-service|ts-station-service|ts-ticketinfo-service|ts-train-service|ts-travel-service|ts-travel2-service|ts-user-service,1705941879,1705943318,True,26,55,False,ts-assurance-service|ts-config-service|ts-contacts-service|ts-food-service|ts-order-other-service|ts-order-service|ts-price-service|ts-route-service|ts-seat-service|ts-security-service|ts-station-service|ts-ticketinfo-service|ts-train-service|ts-travel-service|ts-travel2-service|ts-user-service,True,2.86529119954461e-06,True,28,ts-admin-basic-info-service|ts-admin-travel-service|ts-assurance-service|ts-auth-service|ts-basic-service|ts-config-service|ts-consign-price-service|ts-consign-service|ts-contacts-service|ts-food-map-service|ts-food-service|ts-inside-payment-service|ts-order-other-service|ts-order-service|ts-payment-service|ts-preserve-other-service|ts-preserve-service|ts-price-service|ts-route-service|ts-seat-service|ts-security-service|ts-station-service|ts-ticketinfo-service|ts-train-service|ts-travel-service|ts-travel2-service|ts-ui-dashboard|ts-user-service,1441,1705941879,1705943319
/home/user/data/RE2/RE2-TT/ts-train-service_cpu/2,RE2-TT,ts-train-service_cpu,2,ts-train-service,cpu,cluster_info.json|inject_time.txt|logts.csv|metrics.csv|metrics_postprocess.log|pod-node-1.csv|pod-node-2.csv|simple_metrics.csv|traces.csv|tracets_err.csv|tracets_lat.csv,1706105498,True,123493532,807137,27,ts-admin-basic-info-service|ts-admin-travel-service|ts-assurance-service|ts-auth-service|ts-basic-service|ts-config-service|ts-consign-price-service|ts-consign-service|ts-contacts-service|ts-food-map-service|ts-food-service|ts-inside-payment-service|ts-order-other-service|ts-order-service|ts-payment-service|ts-preserve-other-service|ts-preserve-service|ts-price-service|ts-route-service|ts-seat-service|ts-security-service|ts-station-service|ts-ticketinfo-service|ts-train-service|ts-travel-service|ts-travel2-service|ts-user-service,1706104778,1706106217,True,26,55,False,ts-assurance-service|ts-config-service|ts-contacts-service|ts-food-service|ts-order-other-service|ts-order-service|ts-price-service|ts-route-service|ts-seat-service|ts-security-service|ts-station-service|ts-ticketinfo-service|ts-train-service|ts-travel-service|ts-travel2-service|ts-user-service,True,9.993641545566633e-06,True,28,ts-admin-basic-info-service|ts-admin-travel-service|ts-assurance-service|ts-auth-service|ts-basic-service|ts-config-service|ts-consign-price-service|ts-consign-service|ts-contacts-service|ts-food-map-service|ts-food-service|ts-inside-payment-service|ts-order-other-service|ts-order-service|ts-payment-service|ts-preserve-other-service|ts-preserve-service|ts-price-service|ts-route-service|ts-seat-service|ts-security-service|ts-station-service|ts-ticketinfo-service|ts-train-service|ts-travel-service|ts-travel2-service|ts-ui-dashboard|ts-user-service,1441,1706104778,1706106218
/home/user/data/RE2/RE2-TT/ts-train-service_cpu/3,RE2-TT,ts-train-service_cpu,3,ts-train-service,cpu,cluster_info.json|inject_time.txt|logts.csv|metrics.csv|metrics_postprocess.log|pod-node-1.csv|pod-node-2.csv|simple_metrics.csv|traces.csv|tracets_err.csv|tracets_lat.csv,1706107045,True,143711217,941576,27,ts-admin-basic-info-service|ts-admin-travel-service|ts-assurance-service|ts-auth-service|ts-basic-service|ts-config-service|ts-consign-price-service|ts-consign-service|ts-contacts-service|ts-food-map-service|ts-food-service|ts-inside-payment-service|ts-order-other-service|ts-order-service|ts-payment-service|ts-preserve-other-service|ts-preserve-service|ts-price-service|ts-route-service|ts-seat-service|ts-security-service|ts-station-service|ts-ticketinfo-service|ts-train-service|ts-travel-service|ts-travel2-service|ts-user-service,1706106325,1706107765,True,26,55,False,ts-assurance-service|ts-config-service|ts-contacts-service|ts-food-service|ts-order-other-service|ts-order-service|ts-price-service|ts-route-service|ts-seat-service|ts-security-service|ts-station-service|ts-ticketinfo-service|ts-train-service|ts-travel-service|ts-travel2-service|ts-user-service,True,0.0,True,28,ts-admin-basic-info-service|ts-admin-travel-service|ts-assurance-service|ts-auth-service|ts-basic-service|ts-config-service|ts-consign-price-service|ts-consign-service|ts-contacts-service|ts-food-map-service|ts-food-service|ts-inside-payment-service|ts-order-other-service|ts-order-service|ts-payment-service|ts-preserve-other-service|ts-preserve-service|ts-price-service|ts-route-service|ts-seat-service|ts-security-service|ts-station-service|ts-ticketinfo-service|ts-train-service|ts-travel-service|ts-travel2-service|ts-ui-dashboard|ts-user-service,1441,1706106325,1706107765
/home/user/data/RE2/RE2-TT/ts-train-service_delay/1,RE2-TT,ts-train-service_delay,1,ts-train-service,delay,cluster_info.json|inject_time.txt|logts.csv|metrics.csv|metrics_postprocess.log|pod-node-1.csv|pod-node-2.csv|simple_metrics.csv|traces.csv|tracets_err.csv|tracets_lat.csv,1705944092,True,152554591,1000430,27,ts-admin-basic-info-service|ts-admin-travel-service|ts-assurance-service|ts-auth-service|ts-basic-service|ts-config-service|ts-consign-price-service|ts-consign-service|ts-contacts-service|ts-food-map-service|ts-food-service|ts-inside-payment-service|ts-order-other-service|ts-order-service|ts-payment-service|ts-preserve-other-service|ts-preserve-service|ts-price-service|ts-route-service|ts-seat-service|ts-security-service|ts-station-service|ts-ticketinfo-service|ts-train-service|ts-travel-service|ts-travel2-service|ts-user-service,1705943372,1705944811,True,26,55,False,ts-assurance-service|ts-config-service|ts-contacts-service|ts-food-service|ts-order-other-service|ts-order-service|ts-price-service|ts-route-service|ts-seat-service|ts-security-service|ts-station-service|ts-ticketinfo-service|ts-train-service|ts-travel-service|ts-travel2-service|ts-user-service,True,0.0003207103482874168,True,28,ts-admin-basic-info-service|ts-admin-travel-service|ts-assurance-service|ts-auth-service|ts-basic-service|ts-config-service|ts-consign-price-service|ts-consign-service|ts-contacts-service|ts-food-map-service|ts-food-service|ts-inside-payment-service|ts-order-other-service|ts-order-service|ts-payment-service|ts-preserve-other-service|ts-preserve-service|ts-price-service|ts-route-service|ts-seat-service|ts-security-service|ts-station-service|ts-ticketinfo-service|ts-train-service|ts-travel-service|ts-travel2-service|ts-ui-dashboard|ts-user-service,1441,1705943372,1705944812
/home/user/data/RE2/RE2-TT/ts-train-service_delay/2,RE2-TT,ts-train-service_delay,2,ts-train-service,delay,cluster_info.json|inject_time.txt|logts.csv|metrics.csv|metrics_postprocess.log|pod-node-1.csv|pod-node-2.csv|simple_metrics.csv|traces.csv|tracets_err.csv|tracets_lat.csv,1706123446,True,102573560,669235,27,ts-admin-basic-info-service|ts-admin-travel-service|ts-assurance-service|ts-auth-service|ts-basic-service|ts-config-service|ts-consign-price-service|ts-consign-service|ts-contacts-service|ts-food-map-service|ts-food-service|ts-inside-payment-service|ts-order-other-service|ts-order-service|ts-payment-service|ts-preserve-other-service|ts-preserve-service|ts-price-service|ts-route-service|ts-seat-service|ts-security-service|ts-station-service|ts-ticketinfo-service|ts-train-service|ts-travel-service|ts-travel2-service|ts-user-service,1706122726,1706124165,True,26,55,False,ts-assurance-service|ts-config-service|ts-contacts-service|ts-food-service|ts-order-other-service|ts-order-service|ts-price-service|ts-route-service|ts-seat-service|ts-security-service|ts-station-service|ts-ticketinfo-service|ts-train-service|ts-travel-service|ts-travel2-service|ts-user-service,True,5.426148610152324e-05,True,28,ts-admin-basic-info-service|ts-admin-travel-service|ts-assurance-service|ts-auth-service|ts-basic-service|ts-config-service|ts-consign-price-service|ts-consign-service|ts-contacts-service|ts-food-map-service|ts-food-service|ts-inside-payment-service|ts-order-other-service|ts-order-service|ts-payment-service|ts-preserve-other-service|ts-preserve-service|ts-price-service|ts-route-service|ts-seat-service|ts-security-service|ts-station-service|ts-ticketinfo-service|ts-train-service|ts-travel-service|ts-travel2-service|ts-ui-dashboard|ts-user-service,1441,1706122726,1706124166
/home/user/data/RE2/RE2-TT/ts-train-service_delay/3,RE2-TT,ts-train-service_delay,3,ts-train-service,delay,cluster_info.json|inject_time.txt|logts.csv|metrics.csv|metrics_postprocess.log|pod-node-1.csv|pod-node-2.csv|simple_metrics.csv|traces.csv|tracets_err.csv|tracets_lat.csv,1706124991,True,121105172,792201,27,ts-admin-basic-info-service|ts-admin-travel-service|ts-assurance-service|ts-auth-service|ts-basic-service|ts-config-service|ts-consign-price-service|ts-consign-service|ts-contacts-service|ts-food-map-service|ts-food-service|ts-inside-payment-service|ts-order-other-service|ts-order-service|ts-payment-service|ts-preserve-other-service|ts-preserve-service|ts-price-service|ts-route-service|ts-seat-service|ts-security-service|ts-station-service|ts-ticketinfo-service|ts-train-service|ts-travel-service|ts-travel2-service|ts-user-service,1706124271,1706125711,True,26,55,False,ts-assurance-service|ts-config-service|ts-contacts-service|ts-food-service|ts-order-other-service|ts-order-service|ts-price-service|ts-route-service|ts-seat-service|ts-security-service|ts-station-service|ts-ticketinfo-service|ts-train-service|ts-travel-service|ts-travel2-service|ts-user-service,True,3.815240614508088e-05,True,28,ts-admin-basic-info-service|ts-admin-travel-service|ts-assurance-service|ts-auth-service|ts-basic-service|ts-config-service|ts-consign-price-service|ts-consign-service|ts-contacts-service|ts-food-map-service|ts-food-service|ts-inside-payment-service|ts-order-other-service|ts-order-service|ts-payment-service|ts-preserve-other-service|ts-preserve-service|ts-price-service|ts-route-service|ts-seat-service|ts-security-service|ts-station-service|ts-ticketinfo-service|ts-train-service|ts-travel-service|ts-travel2-service|ts-ui-dashboard|ts-user-service,1441,1706124271,1706125711
/home/user/data/RE2/RE2-TT/ts-train-service_disk/1,RE2-TT,ts-train-service_disk,1,ts-train-service,disk,cluster_info.json|inject_time.txt|logts.csv|metrics.csv|metrics_postprocess.log|pod-node-1.csv|pod-node-2.csv|simple_metrics.csv|traces.csv|tracets_err.csv|tracets_lat.csv,1706009807,True,118932109,776573,27,ts-admin-basic-info-service|ts-admin-travel-service|ts-assurance-service|ts-auth-service|ts-basic-service|ts-config-service|ts-consign-price-service|ts-consign-service|ts-contacts-service|ts-food-map-service|ts-food-service|ts-inside-payment-service|ts-order-other-service|ts-order-service|ts-payment-service|ts-preserve-other-service|ts-preserve-service|ts-price-service|ts-route-service|ts-seat-service|ts-security-service|ts-station-service|ts-ticketinfo-service|ts-train-service|ts-travel-service|ts-travel2-service|ts-user-service,1706009087,1706010526,True,26,55,False,ts-assurance-service|ts-config-service|ts-contacts-service|ts-food-service|ts-order-other-service|ts-order-service|ts-price-service|ts-route-service|ts-seat-service|ts-security-service|ts-station-service|ts-ticketinfo-service|ts-train-service|ts-travel-service|ts-travel2-service|ts-user-service,True,5.1956958855284286e-06,True,28,ts-admin-basic-info-service|ts-admin-travel-service|ts-assurance-service|ts-auth-service|ts-basic-service|ts-config-service|ts-consign-price-service|ts-consign-service|ts-contacts-service|ts-food-map-service|ts-food-service|ts-inside-payment-service|ts-order-other-service|ts-order-service|ts-payment-service|ts-preserve-other-service|ts-preserve-service|ts-price-service|ts-route-service|ts-seat-service|ts-security-service|ts-station-service|ts-ticketinfo-service|ts-train-service|ts-travel-service|ts-travel2-service|ts-ui-dashboard|ts-user-service,1441,1706009087,1706010527
/home/user/data/RE2/RE2-TT/ts-train-service_disk/2,RE2-TT,ts-train-service_disk,2,ts-train-service,disk,cluster_info.json|inject_time.txt|logts.csv|metrics.csv|metrics_postprocess.log|pod-node-1.csv|pod-node-2.csv|simple_metrics.csv|traces.csv|tracets_err.csv|tracets_lat.csv,1706114212,True,132709101,868395,27,ts-admin-basic-info-service|ts-admin-travel-service|ts-assurance-service|ts-auth-service|ts-basic-service|ts-config-service|ts-consign-price-service|ts-consign-service|ts-contacts-service|ts-food-map-service|ts-food-service|ts-inside-payment-service|ts-order-other-service|ts-order-service|ts-payment-service|ts-preserve-other-service|ts-preserve-service|ts-price-service|ts-route-service|ts-seat-service|ts-security-service|ts-station-service|ts-ticketinfo-service|ts-train-service|ts-travel-service|ts-travel2-service|ts-user-service,1706113492,1706114932,True,26,55,False,ts-assurance-service|ts-config-service|ts-contacts-service|ts-food-service|ts-order-other-service|ts-order-service|ts-price-service|ts-route-service|ts-seat-service|ts-security-service|ts-station-service|ts-ticketinfo-service|ts-train-service|ts-travel-service|ts-travel2-service|ts-user-service,True,2.7849658261485082e-05,True,28,ts-admin-basic-info-service|ts-admin-travel-service|ts-assurance-service|ts-auth-service|ts-basic-service|ts-config-service|ts-consign-price-service|ts-consign-service|ts-contacts-service|ts-food-map-service|ts-food-service|ts-inside-payment-service|ts-order-other-service|ts-order-service|ts-payment-service|ts-preserve-other-service|ts-preserve-service|ts-price-service|ts-route-service|ts-seat-service|ts-security-service|ts-station-service|ts-ticketinfo-service|ts-train-service|ts-travel-service|ts-travel2-service|ts-ui-dashboard|ts-user-service,1441,1706113492,1706114932
/home/user/data/RE2/RE2-TT/ts-train-service_disk/3,RE2-TT,ts-train-service_disk,3,ts-train-service,disk,cluster_info.json|inject_time.txt|logts.csv|metrics.csv|metrics_postprocess.log|pod-node-1.csv|pod-node-2.csv|simple_metrics.csv|traces.csv|tracets_err.csv|tracets_lat.csv,1706115759,True,153808759,1008550,27,ts-admin-basic-info-service|ts-admin-travel-service|ts-assurance-service|ts-auth-service|ts-basic-service|ts-config-service|ts-consign-price-service|ts-consign-service|ts-contacts-service|ts-food-map-service|ts-food-service|ts-inside-payment-service|ts-order-other-service|ts-order-service|ts-payment-service|ts-preserve-other-service|ts-preserve-service|ts-price-service|ts-route-service|ts-seat-service|ts-security-service|ts-station-service|ts-ticketinfo-service|ts-train-service|ts-travel-service|ts-travel2-service|ts-user-service,1706115039,1706116479,True,26,55,False,ts-assurance-service|ts-config-service|ts-contacts-service|ts-food-service|ts-order-other-service|ts-order-service|ts-price-service|ts-route-service|ts-seat-service|ts-security-service|ts-station-service|ts-ticketinfo-service|ts-train-service|ts-travel-service|ts-travel2-service|ts-user-service,True,2.595209243736063e-05,True,28,ts-admin-basic-info-service|ts-admin-travel-service|ts-assurance-service|ts-auth-service|ts-basic-service|ts-config-service|ts-consign-price-service|ts-consign-service|ts-contacts-service|ts-food-map-service|ts-food-service|ts-inside-payment-service|ts-order-other-service|ts-order-service|ts-payment-service|ts-preserve-other-service|ts-preserve-service|ts-price-service|ts-route-service|ts-seat-service|ts-security-service|ts-station-service|ts-ticketinfo-service|ts-train-service|ts-travel-service|ts-travel2-service|ts-ui-dashboard|ts-user-service,1441,1706115039,1706116479
/home/user/data/RE2/RE2-TT/ts-train-service_loss/1,RE2-TT,ts-train-service_loss,1,ts-train-service,loss,cluster_info.json|inject_time.txt|logts.csv|metrics.csv|metrics_postprocess.log|pod-node-1.csv|pod-node-2.csv|simple_metrics.csv|traces.csv|tracets_err.csv|tracets_lat.csv,1708448623,True,156764766,1025176,27,ts-admin-basic-info-service|ts-admin-travel-service|ts-assurance-service|ts-auth-service|ts-basic-service|ts-config-service|ts-consign-price-service|ts-consign-service|ts-contacts-service|ts-food-map-service|ts-food-service|ts-inside-payment-service|ts-order-other-service|ts-order-service|ts-payment-service|ts-preserve-other-service|ts-preserve-service|ts-price-service|ts-route-service|ts-seat-service|ts-security-service|ts-station-service|ts-ticketinfo-service|ts-train-service|ts-travel-service|ts-travel2-service|ts-user-service,1708447903,1708449342,True,26,55,False,ts-assurance-service|ts-config-service|ts-contacts-service|ts-food-service|ts-order-other-service|ts-order-service|ts-price-service|ts-route-service|ts-seat-service|ts-security-service|ts-station-service|ts-ticketinfo-service|ts-train-service|ts-travel-service|ts-travel2-service|ts-user-service,True,7.860221677901871e-06,True,28,ts-admin-basic-info-service|ts-admin-travel-service|ts-assurance-service|ts-auth-service|ts-basic-service|ts-config-service|ts-consign-price-service|ts-consign-service|ts-contacts-service|ts-food-map-service|ts-food-service|ts-inside-payment-service|ts-order-other-service|ts-order-service|ts-payment-service|ts-preserve-other-service|ts-preserve-service|ts-price-service|ts-route-service|ts-seat-service|ts-security-service|ts-station-service|ts-ticketinfo-service|ts-train-service|ts-travel-service|ts-travel2-service|ts-ui-dashboard|ts-user-service,1441,1708447903,1708449343
/home/user/data/RE2/RE2-TT/ts-train-service_loss/2,RE2-TT,ts-train-service_loss,2,ts-train-service,loss,cluster_info.json|inject_time.txt|logts.csv|metrics.csv|metrics_postprocess.log|pod-node-1.csv|pod-node-2.csv|simple_metrics.csv|traces.csv|tracets_err.csv|tracets_lat.csv,1706126537,True,150788558,988810,27,ts-admin-basic-info-service|ts-admin-travel-service|ts-assurance-service|ts-auth-service|ts-basic-service|ts-config-service|ts-consign-price-service|ts-consign-service|ts-contacts-service|ts-food-map-service|ts-food-service|ts-inside-payment-service|ts-order-other-service|ts-order-service|ts-payment-service|ts-preserve-other-service|ts-preserve-service|ts-price-service|ts-route-service|ts-seat-service|ts-security-service|ts-station-service|ts-ticketinfo-service|ts-train-service|ts-travel-service|ts-travel2-service|ts-user-service,1706125817,1706127256,True,26,55,False,ts-assurance-service|ts-config-service|ts-contacts-service|ts-food-service|ts-order-other-service|ts-order-service|ts-price-service|ts-route-service|ts-seat-service|ts-security-service|ts-station-service|ts-ticketinfo-service|ts-train-service|ts-travel-service|ts-travel2-service|ts-user-service,True,1.730556434972306e-05,True,28,ts-admin-basic-info-service|ts-admin-travel-service|ts-assurance-service|ts-auth-service|ts-basic-service|ts-config-service|ts-consign-price-service|ts-consign-service|ts-contacts-service|ts-food-map-service|ts-food-service|ts-inside-payment-service|ts-order-other-service|ts-order-service|ts-payment-service|ts-preserve-other-service|ts-preserve-service|ts-price-service|ts-route-service|ts-seat-service|ts-security-service|ts-station-service|ts-ticketinfo-service|ts-train-service|ts-travel-service|ts-travel2-service|ts-ui-dashboard|ts-user-service,1441,1706125817,1706127257
/home/user/data/RE2/RE2-TT/ts-train-service_loss/3,RE2-TT,ts-train-service_loss,3,ts-train-service,loss,cluster_info.json|inject_time.txt|logts.csv|metrics.csv|metrics_postprocess.log|pod-node-1.csv|pod-node-2.csv|simple_metrics.csv|traces.csv|tracets_err.csv|tracets_lat.csv,1706128083,True,158927647,1042622,27,ts-admin-basic-info-service|ts-admin-travel-service|ts-assurance-service|ts-auth-service|ts-basic-service|ts-config-service|ts-consign-price-service|ts-consign-service|ts-contacts-service|ts-food-map-service|ts-food-service|ts-inside-payment-service|ts-order-other-service|ts-order-service|ts-payment-service|ts-preserve-other-service|ts-preserve-service|ts-price-service|ts-route-service|ts-seat-service|ts-security-service|ts-station-service|ts-ticketinfo-service|ts-train-service|ts-travel-service|ts-travel2-service|ts-user-service,1706127363,1706128802,True,26,55,False,ts-assurance-service|ts-config-service|ts-contacts-service|ts-food-service|ts-order-other-service|ts-order-service|ts-price-service|ts-route-service|ts-seat-service|ts-security-service|ts-station-service|ts-ticketinfo-service|ts-train-service|ts-travel-service|ts-travel2-service|ts-user-service,True,9.651512826377971e-07,True,28,ts-admin-basic-info-service|ts-admin-travel-service|ts-assurance-service|ts-auth-service|ts-basic-service|ts-config-service|ts-consign-price-service|ts-consign-service|ts-contacts-service|ts-food-map-service|ts-food-service|ts-inside-payment-service|ts-order-other-service|ts-order-service|ts-payment-service|ts-preserve-other-service|ts-preserve-service|ts-price-service|ts-route-service|ts-seat-service|ts-security-service|ts-station-service|ts-ticketinfo-service|ts-train-service|ts-travel-service|ts-travel2-service|ts-ui-dashboard|ts-user-service,1441,1706127363,1706128803
/home/user/data/RE2/RE2-TT/ts-train-service_mem/1,RE2-TT,ts-train-service_mem,1,ts-train-service,mem,cluster_info.json|inject_time.txt|logts.csv|metrics.csv|metrics_postprocess.log|pod-node-1.csv|pod-node-2.csv|simple_metrics.csv|traces.csv|tracets_err.csv|tracets_lat.csv,1706008312,True,98928511,643904,27,ts-admin-basic-info-service|ts-admin-travel-service|ts-assurance-service|ts-auth-service|ts-basic-service|ts-config-service|ts-consign-price-service|ts-consign-service|ts-contacts-service|ts-food-map-service|ts-food-service|ts-inside-payment-service|ts-order-other-service|ts-order-service|ts-payment-service|ts-preserve-other-service|ts-preserve-service|ts-price-service|ts-route-service|ts-seat-service|ts-security-service|ts-station-service|ts-ticketinfo-service|ts-train-service|ts-travel-service|ts-travel2-service|ts-user-service,1706007592,1706009031,True,26,55,False,ts-assurance-service|ts-config-service|ts-contacts-service|ts-food-service|ts-order-other-service|ts-order-service|ts-price-service|ts-route-service|ts-seat-service|ts-security-service|ts-station-service|ts-ticketinfo-service|ts-train-service|ts-travel-service|ts-travel2-service|ts-user-service,True,1.8826157691034512e-05,True,28,ts-admin-basic-info-service|ts-admin-travel-service|ts-assurance-service|ts-auth-service|ts-basic-service|ts-config-service|ts-consign-price-service|ts-consign-service|ts-contacts-service|ts-food-map-service|ts-food-service|ts-inside-payment-service|ts-order-other-service|ts-order-service|ts-payment-service|ts-preserve-other-service|ts-preserve-service|ts-price-service|ts-route-service|ts-seat-service|ts-security-service|ts-station-service|ts-ticketinfo-service|ts-train-service|ts-travel-service|ts-travel2-service|ts-ui-dashboard|ts-user-service,1441,1706007592,1706009032
/home/user/data/RE2/RE2-TT/ts-train-service_mem/2,RE2-TT,ts-train-service_mem,2,ts-train-service,mem,cluster_info.json|inject_time.txt|logts.csv|metrics.csv|metrics_postprocess.log|pod-node-1.csv|pod-node-2.csv|simple_metrics.csv|traces.csv|tracets_err.csv|tracets_lat.csv,1706111117,True,96200126,626163,27,ts-admin-basic-info-service|ts-admin-travel-service|ts-assurance-service|ts-auth-service|ts-basic-service|ts-config-service|ts-consign-price-service|ts-consign-service|ts-contacts-service|ts-food-map-service|ts-food-service|ts-inside-payment-service|ts-order-other-service|ts-order-service|ts-payment-service|ts-preserve-other-service|ts-preserve-service|ts-price-service|ts-route-service|ts-seat-service|ts-security-service|ts-station-service|ts-ticketinfo-service|ts-train-service|ts-travel-service|ts-travel2-service|ts-user-service,1706110397,1706111836,True,26,55,False,ts-assurance-service|ts-config-service|ts-contacts-service|ts-food-service|ts-order-other-service|ts-order-service|ts-price-service|ts-route-service|ts-seat-service|ts-security-service|ts-station-service|ts-ticketinfo-service|ts-train-service|ts-travel-service|ts-travel2-service|ts-user-service,True,4.6789060394996474e-05,True,28,ts-admin-basic-info-service|ts-admin-travel-service|ts-assurance-service|ts-auth-service|ts-basic-service|ts-config-service|ts-consign-price-service|ts-consign-service|ts-contacts-service|ts-food-map-service|ts-food-service|ts-inside-payment-service|ts-order-other-service|ts-order-service|ts-payment-service|ts-preserve-other-service|ts-preserve-service|ts-price-service|ts-route-service|ts-seat-service|ts-security-service|ts-station-service|ts-ticketinfo-service|ts-train-service|ts-travel-service|ts-travel2-service|ts-ui-dashboard|ts-user-service,1441,1706110397,1706111837
/home/user/data/RE2/RE2-TT/ts-train-service_mem/3,RE2-TT,ts-train-service_mem,3,ts-train-service,mem,cluster_info.json|inject_time.txt|logts.csv|metrics.csv|metrics_postprocess.log|pod-node-1.csv|pod-node-2.csv|simple_metrics.csv|traces.csv|tracets_err.csv|tracets_lat.csv,1706112664,True,115653980,755095,27,ts-admin-basic-info-service|ts-admin-travel-service|ts-assurance-service|ts-auth-service|ts-basic-service|ts-config-service|ts-consign-price-service|ts-consign-service|ts-contacts-service|ts-food-map-service|ts-food-service|ts-inside-payment-service|ts-order-other-service|ts-order-service|ts-payment-service|ts-preserve-other-service|ts-preserve-service|ts-price-service|ts-route-service|ts-seat-service|ts-security-service|ts-station-service|ts-ticketinfo-service|ts-train-service|ts-travel-service|ts-travel2-service|ts-user-service,1706111944,1706113382,True,26,55,False,ts-assurance-service|ts-config-service|ts-contacts-service|ts-food-service|ts-order-other-service|ts-order-service|ts-price-service|ts-route-service|ts-seat-service|ts-security-service|ts-station-service|ts-ticketinfo-service|ts-train-service|ts-travel-service|ts-travel2-service|ts-user-service,True,1.3360410431808465e-06,True,28,ts-admin-basic-info-service|ts-admin-travel-service|ts-assurance-service|ts-auth-service|ts-basic-service|ts-config-service|ts-consign-price-service|ts-consign-service|ts-contacts-service|ts-food-map-service|ts-food-service|ts-inside-payment-service|ts-order-other-service|ts-order-service|ts-payment-service|ts-preserve-other-service|ts-preserve-service|ts-price-service|ts-route-service|ts-seat-service|ts-security-service|ts-station-service|ts-ticketinfo-service|ts-train-service|ts-travel-service|ts-travel2-service|ts-ui-dashboard|ts-user-service,1441,1706111944,1706113384
/home/user/data/RE2/RE2-TT/ts-train-service_socket/1,RE2-TT,ts-train-service_socket,1,ts-train-service,socket,cluster_info.json|inject_time.txt|logts.csv|metrics.csv|metrics_postprocess.log|pod-node-1.csv|pod-node-2.csv|simple_metrics.csv|traces.csv|tracets_err.csv|tracets_lat.csv,1705997317,True,58032383,382423,27,ts-admin-basic-info-service|ts-admin-travel-service|ts-assurance-service|ts-auth-service|ts-basic-service|ts-config-service|ts-consign-price-service|ts-consign-service|ts-contacts-service|ts-food-map-service|ts-food-service|ts-inside-payment-service|ts-order-other-service|ts-order-service|ts-payment-service|ts-preserve-other-service|ts-preserve-service|ts-price-service|ts-route-service|ts-seat-service|ts-security-service|ts-station-service|ts-ticketinfo-service|ts-train-service|ts-travel-service|ts-travel2-service|ts-user-service,1705996599,1705998036,True,26,55,False,ts-assurance-service|ts-config-service|ts-contacts-service|ts-food-service|ts-order-other-service|ts-order-service|ts-price-service|ts-route-service|ts-seat-service|ts-security-service|ts-station-service|ts-ticketinfo-service|ts-train-service|ts-travel-service|ts-travel2-service|ts-user-service,True,0.14838277938880215,True,28,ts-admin-basic-info-service|ts-admin-travel-service|ts-assurance-service|ts-auth-service|ts-basic-service|ts-config-service|ts-consign-price-service|ts-consign-service|ts-contacts-service|ts-food-map-service|ts-food-service|ts-inside-payment-service|ts-order-other-service|ts-order-service|ts-payment-service|ts-preserve-other-service|ts-preserve-service|ts-price-service|ts-route-service|ts-seat-service|ts-security-service|ts-station-service|ts-ticketinfo-service|ts-train-service|ts-travel-service|ts-travel2-service|ts-ui-dashboard|ts-user-service,1441,1705996597,1705998037
/home/user/data/RE2/RE2-TT/ts-train-service_socket/2,RE2-TT,ts-train-service_socket,2,ts-train-service,socket,cluster_info.json|inject_time.txt|logts.csv|metrics.csv|metrics_postprocess.log|pod-node-1.csv|pod-node-2.csv|simple_metrics.csv|traces.csv|tracets_err.csv|tracets_lat.csv,1706117304,True,168551985,1106312,27,ts-admin-basic-info-service|ts-admin-travel-service|ts-assurance-service|ts-auth-service|ts-basic-service|ts-config-service|ts-consign-price-service|ts-consign-service|ts-contacts-service|ts-food-map-service|ts-food-service|ts-inside-payment-service|ts-order-other-service|ts-order-service|ts-payment-service|ts-preserve-other-service|ts-preserve-service|ts-price-service|ts-route-service|ts-seat-service|ts-security-service|ts-station-service|ts-ticketinfo-service|ts-train-service|ts-travel-service|ts-travel2-service|ts-user-service,1706116584,1706118023,True,26,55,False,ts-assurance-service|ts-config-service|ts-contacts-service|ts-food-service|ts-order-other-service|ts-order-service|ts-price-service|ts-route-service|ts-seat-service|ts-security-service|ts-station-service|ts-ticketinfo-service|ts-train-service|ts-travel-service|ts-travel2-service|ts-user-service,True,0.0,True,28,ts-admin-basic-info-service|ts-admin-travel-service|ts-assurance-service|ts-auth-service|ts-basic-service|ts-config-service|ts-consign-price-service|ts-consign-service|ts-contacts-service|ts-food-map-service|ts-food-service|ts-inside-payment-service|ts-order-other-service|ts-order-service|ts-payment-service|ts-preserve-other-service|ts-preserve-service|ts-price-service|ts-route-service|ts-seat-service|ts-security-service|ts-station-service|ts-ticketinfo-service|ts-train-service|ts-travel-service|ts-travel2-service|ts-ui-dashboard|ts-user-service,1441,1706116584,1706118024
/home/user/data/RE2/RE2-TT/ts-train-service_socket/3,RE2-TT,ts-train-service_socket,3,ts-train-service,socket,cluster_info.json|inject_time.txt|logts.csv|metrics.csv|metrics_postprocess.log|pod-node-1.csv|pod-node-2.csv|simple_metrics.csv|traces.csv|tracets_err.csv|tracets_lat.csv,1706121899,True,101294585,659525,27,ts-admin-basic-info-service|ts-admin-travel-service|ts-assurance-service|ts-auth-service|ts-basic-service|ts-config-service|ts-consign-price-service|ts-consign-service|ts-contacts-service|ts-food-map-service|ts-food-service|ts-inside-payment-service|ts-order-other-service|ts-order-service|ts-payment-service|ts-preserve-other-service|ts-preserve-service|ts-price-service|ts-route-service|ts-seat-service|ts-security-service|ts-station-service|ts-ticketinfo-service|ts-train-service|ts-travel-service|ts-travel2-service|ts-user-service,1706121179,1706122619,True,26,55,False,ts-assurance-service|ts-config-service|ts-contacts-service|ts-food-service|ts-order-other-service|ts-order-service|ts-price-service|ts-route-service|ts-seat-service|ts-security-service|ts-station-service|ts-ticketinfo-service|ts-train-service|ts-travel-service|ts-travel2-service|ts-user-service,True,6.125743129213363e-06,True,28,ts-admin-basic-info-service|ts-admin-travel-service|ts-assurance-service|ts-auth-service|ts-basic-service|ts-config-service|ts-consign-price-service|ts-consign-service|ts-contacts-service|ts-food-map-service|ts-food-service|ts-inside-payment-service|ts-order-other-service|ts-order-service|ts-payment-service|ts-preserve-other-service|ts-preserve-service|ts-price-service|ts-route-service|ts-seat-service|ts-security-service|ts-station-service|ts-ticketinfo-service|ts-train-service|ts-travel-service|ts-travel2-service|ts-ui-dashboard|ts-user-service,1441,1706121179,1706122619
/home/user/data/RE2/RE2-TT/ts-travel-service_cpu/1,RE2-TT,ts-travel-service_cpu,1,ts-travel-service,cpu,cluster_info.json|inject_time.txt|logts.csv|metrics.csv|metrics_postprocess.log|pod-node-1.csv|pod-node-2.csv|simple_metrics.csv|traces.csv|tracets_err.csv|tracets_lat.csv,1708453056,True,112201985,730224,27,ts-admin-basic-info-service|ts-admin-travel-service|ts-assurance-service|ts-auth-service|ts-basic-service|ts-config-service|ts-consign-price-service|ts-consign-service|ts-contacts-service|ts-food-map-service|ts-food-service|ts-inside-payment-service|ts-order-other-service|ts-order-service|ts-payment-service|ts-preserve-other-service|ts-preserve-service|ts-price-service|ts-route-service|ts-seat-service|ts-security-service|ts-station-service|ts-ticketinfo-service|ts-train-service|ts-travel-service|ts-travel2-service|ts-user-service,1708452336,1708453775,True,26,55,False,ts-assurance-service|ts-config-service|ts-contacts-service|ts-food-service|ts-order-other-service|ts-order-service|ts-price-service|ts-route-service|ts-seat-service|ts-security-service|ts-station-service|ts-ticketinfo-service|ts-train-service|ts-travel-service|ts-travel2-service|ts-user-service,True,4.149039013413843e-06,True,28,ts-admin-basic-info-service|ts-admin-travel-service|ts-assurance-service|ts-auth-service|ts-basic-service|ts-config-service|ts-consign-price-service|ts-consign-service|ts-contacts-service|ts-food-map-service|ts-food-service|ts-inside-payment-service|ts-order-other-service|ts-order-service|ts-payment-service|ts-preserve-other-service|ts-preserve-service|ts-price-service|ts-route-service|ts-seat-service|ts-security-service|ts-station-service|ts-ticketinfo-service|ts-train-service|ts-travel-service|ts-travel2-service|ts-ui-dashboard|ts-user-service,1441,1708452336,1708453776
/home/user/data/RE2/RE2-TT/ts-travel-service_cpu/2,RE2-TT,ts-travel-service_cpu,2,ts-travel-service,cpu,cluster_info.json|inject_time.txt|logts.csv|metrics.csv|metrics_postprocess.log|pod-node-1.csv|pod-node-2.csv|simple_metrics.csv|traces.csv|tracets_err.csv|tracets_lat.csv,1706135598,True,121927194,796889,27,ts-admin-basic-info-service|ts-admin-travel-service|ts-assurance-service|ts-auth-service|ts-basic-service|ts-config-service|ts-consign-price-service|ts-consign-service|ts-contacts-service|ts-food-map-service|ts-food-service|ts-inside-payment-service|ts-order-other-service|ts-order-service|ts-payment-service|ts-preserve-other-service|ts-preserve-service|ts-price-service|ts-route-service|ts-seat-service|ts-security-service|ts-station-service|ts-ticketinfo-service|ts-train-service|ts-travel-service|ts-travel2-service|ts-user-service,1706134878,1706136317,True,26,55,False,ts-assurance-service|ts-config-service|ts-contacts-service|ts-food-service|ts-order-other-service|ts-order-service|ts-price-service|ts-route-service|ts-seat-service|ts-security-service|ts-station-service|ts-ticketinfo-service|ts-train-service|ts-travel-service|ts-travel2-service|ts-user-service,True,1.8979966013207525e-05,True,28,ts-admin-basic-info-service|ts-admin-travel-service|ts-assurance-service|ts-auth-service|ts-basic-service|ts-config-service|ts-consign-price-service|ts-consign-service|ts-contacts-service|ts-food-map-service|ts-food-service|ts-inside-payment-service|ts-order-other-service|ts-order-service|ts-payment-service|ts-preserve-other-service|ts-preserve-service|ts-price-service|ts-route-service|ts-seat-service|ts-security-service|ts-station-service|ts-ticketinfo-service|ts-train-service|ts-travel-service|ts-travel2-service|ts-ui-dashboard|ts-user-service,1441,1706134878,1706136318
/home/user/data/RE2/RE2-TT/ts-travel-service_cpu/3,RE2-TT,ts-travel-service_cpu,3,ts-travel-service,cpu,cluster_info.json|inject_time.txt|logts.csv|metrics.csv|metrics_postprocess.log|pod-node-1.csv|pod-node-2.csv|simple_metrics.csv|traces.csv|tracets_err.csv|tracets_lat.csv,1706137144,True,122100325,799550,27,ts-admin-basic-info-service|ts-admin-travel-service|ts-assurance-service|ts-auth-service|ts-basic-service|ts-config-service|ts-consign-price-service|ts-consign-service|ts-contacts-service|ts-food-map-service|ts-food-service|ts-inside-payment-service|ts-order-other-service|ts-order-service|ts-payment-service|ts-preserve-other-service|ts-preserve-service|ts-price-service|ts-route-service|ts-seat-service|ts-security-service|ts-station-service|ts-ticketinfo-service|ts-train-service|ts-travel-service|ts-travel2-service|ts-user-service,1706136424,1706137863,True,26,55,False,ts-assurance-service|ts-config-service|ts-contacts-service|ts-food-service|ts-order-other-service|ts-order-service|ts-price-service|ts-route-service|ts-seat-service|ts-security-service|ts-station-service|ts-ticketinfo-service|ts-train-service|ts-travel-service|ts-travel2-service|ts-user-service,True,0.1244950019840895,True,28,ts-admin-basic-info-service|ts-admin-travel-service|ts-assurance-service|ts-auth-service|ts-basic-service|ts-config-service|ts-consign-price-service|ts-consign-service|ts-contacts-service|ts-food-map-service|ts-food-service|ts-inside-payment-service|ts-order-other-service|ts-order-service|ts-payment-service|ts-preserve-other-service|ts-preserve-service|ts-price-service|ts-route-service|ts-seat-service|ts-security-service|ts-station-service|ts-ticketinfo-service|ts-train-service|ts-travel-service|ts-travel2-service|ts-ui-dashboard|ts-user-service,1441,1706136424,1706137864
/home/user/data/RE2/RE2-TT/ts-travel-service_delay/1,RE2-TT,ts-travel-service_delay,1,ts-travel-service,delay,cluster_info.json|inject_time.txt|logts.csv|metrics.csv|metrics_postprocess.log|pod-node-1.csv|pod-node-2.csv|simple_metrics.csv|traces.csv|tracets_err.csv|tracets_lat.csv,1706013574,True,141752014,929570,27,ts-admin-basic-info-service|ts-admin-travel-service|ts-assurance-service|ts-auth-service|ts-basic-service|ts-config-service|ts-consign-price-service|ts-consign-service|ts-contacts-service|ts-food-map-service|ts-food-service|ts-inside-payment-service|ts-order-other-service|ts-order-service|ts-payment-service|ts-preserve-other-service|ts-preserve-service|ts-price-service|ts-route-service|ts-seat-service|ts-security-service|ts-station-service|ts-ticketinfo-service|ts-train-service|ts-travel-service|ts-travel2-service|ts-user-service,1706012854,1706014293,True,26,55,False,ts-assurance-service|ts-config-service|ts-contacts-service|ts-food-service|ts-order-other-service|ts-order-service|ts-price-service|ts-route-service|ts-seat-service|ts-security-service|ts-station-service|ts-ticketinfo-service|ts-train-service|ts-travel-service|ts-travel2-service|ts-user-service,True,6.495720943828253e-06,True,28,ts-admin-basic-info-service|ts-admin-travel-service|ts-assurance-service|ts-auth-service|ts-basic-service|ts-config-service|ts-consign-price-service|ts-consign-service|ts-contacts-service|ts-food-map-service|ts-food-service|ts-inside-payment-service|ts-order-other-service|ts-order-service|ts-payment-service|ts-preserve-other-service|ts-preserve-service|ts-price-service|ts-route-service|ts-seat-service|ts-security-service|ts-station-service|ts-ticketinfo-service|ts-train-service|ts-travel-service|ts-travel2-service|ts-ui-dashboard|ts-user-service,1441,1706012854,1706014294
/home/user/data/RE2/RE2-TT/ts-travel-service_delay/2,RE2-TT,ts-travel-service_delay,2,ts-travel-service,delay,cluster_info.json|inject_time.txt|logts.csv|metrics.csv|metrics_postprocess.log|pod-node-1.csv|pod-node-2.csv|simple_metrics.csv|traces.csv|tracets_err.csv|tracets_lat.csv,1706151818,True,126087891,824619,27,ts-admin-basic-info-service|ts-admin-travel-service|ts-assurance-service|ts-auth-service|ts-basic-service|ts-config-service|ts-consign-price-service|ts-consign-service|ts-contacts-service|ts-food-map-service|ts-food-service|ts-inside-payment-service|ts-order-other-service|ts-order-service|ts-payment-service|ts-preserve-other-service|ts-preserve-service|ts-price-service|ts-route-service|ts-seat-service|ts-security-service|ts-station-service|ts-ticketinfo-service|ts-train-service|ts-travel-service|ts-travel2-service|ts-user-service,1706151098,1706152538,True,26,55,False,ts-assurance-service|ts-config-service|ts-contacts-service|ts-food-service|ts-order-other-service|ts-order-service|ts-price-service|ts-route-service|ts-seat-service|ts-security-service|ts-station-service|ts-ticketinfo-service|ts-train-service|ts-travel-service|ts-travel2-service|ts-user-service,True,2.8104612700107898e-05,True,28,ts-admin-basic-info-service|ts-admin-travel-service|ts-assurance-service|ts-auth-service|ts-basic-service|ts-config-service|ts-consign-price-service|ts-consign-service|ts-contacts-service|ts-food-map-service|ts-food-service|ts-inside-payment-service|ts-order-other-service|ts-order-service|ts-payment-service|ts-preserve-other-service|ts-preserve-service|ts-price-service|ts-route-service|ts-seat-service|ts-security-service|ts-station-service|ts-ticketinfo-service|ts-train-service|ts-travel-service|ts-travel2-service|ts-ui-dashboard|ts-user-service,1441,1706151098,1706152538
/home/user/data/RE2/RE2-TT/ts-travel-service_delay/3,RE2-TT,ts-travel-service_delay,3,ts-travel-service,delay,cluster_info.json|inject_time.txt|logts.csv|metrics.csv|metrics_postprocess.log|pod-node-1.csv|pod-node-2.csv|simple_metrics.csv|traces.csv|tracets_err.csv|tracets_lat.csv,1706153370,True,144650187,947781,27,ts-admin-basic-info-service|ts-admin-travel-service|ts-assurance-service|ts-auth-service|ts-basic-service|ts-config-service|ts-consign-price-service|ts-consign-service|ts-contacts-service|ts-food-map-service|ts-food-service|ts-inside-payment-service|ts-order-other-service|ts-order-service|ts-payment-service|ts-preserve-other-service|ts-preserve-service|ts-price-service|ts-route-service|ts-seat-service|ts-security-service|ts-station-service|ts-ticketinfo-service|ts-train-service|ts-travel-service|ts-travel2-service|ts-user-service,1706152650,1706154089,True,26,55,False,ts-assurance-service|ts-config-service|ts-contacts-service|ts-food-service|ts-order-other-service|ts-order-service|ts-price-service|ts-route-service|ts-seat-service|ts-security-service|ts-station-service|ts-ticketinfo-service|ts-train-service|ts-travel-service|ts-travel2-service|ts-user-service,True,1.6992894845842583e-05,True,28,ts-admin-basic-info-service|ts-admin-travel-service|ts-assurance-service|ts-auth-service|ts-basic-service|ts-config-service|ts-consign-price-service|ts-consign-service|ts-contacts-service|ts-food-map-service|ts-food-service|ts-inside-payment-service|ts-order-other-service|ts-order-service|ts-payment-service|ts-preserve-other-service|ts-preserve-service|ts-price-service|ts-route-service|ts-seat-service|ts-security-service|ts-station-service|ts-ticketinfo-service|ts-train-service|ts-travel-service|ts-travel2-service|ts-ui-dashboard|ts-user-service,1441,1706152650,1706154090
/home/user/data/RE2/RE2-TT/ts-travel-service_disk/1,RE2-TT,ts-travel-service_disk,1,ts-travel-service,disk,cluster_info.json|inject_time.txt|logts.csv|metrics.csv|metrics_postprocess.log|pod-node-1.csv|pod-node-2.csv|simple_metrics.csv|traces.csv|tracets_err.csv|tracets_lat.csv,1706012083,True,137258172,898401,27,ts-admin-basic-info-service|ts-admin-travel-service|ts-assurance-service|ts-auth-service|ts-basic-service|ts-config-service|ts-consign-price-service|ts-consign-service|ts-contacts-service|ts-food-map-service|ts-food-service|ts-inside-payment-service|ts-order-other-service|ts-order-service|ts-payment-service|ts-preserve-other-service|ts-preserve-service|ts-price-service|ts-route-service|ts-seat-service|ts-security-service|ts-station-service|ts-ticketinfo-service|ts-train-service|ts-travel-service|ts-travel2-service|ts-user-service,1706011363,1706012802,True,26,55,False,ts-assurance-service|ts-config-service|ts-contacts-service|ts-food-service|ts-order-other-service|ts-order-service|ts-price-service|ts-route-service|ts-seat-service|ts-security-service|ts-station-service|ts-ticketinfo-service|ts-train-service|ts-travel-service|ts-travel2-service|ts-user-service,True,0.0,True,28,ts-admin-basic-info-service|ts-admin-travel-service|ts-assurance-service|ts-auth-service|ts-basic-service|ts-config-service|ts-consign-price-service|ts-consign-service|ts-contacts-service|ts-food-map-service|ts-food-service|ts-inside-payment-service|ts-order-other-service|ts-order-service|ts-payment-service|ts-preserve-other-service|ts-preserve-service|ts-price-service|ts-route-service|ts-seat-service|ts-security-service|ts-station-service|ts-ticketinfo-service|ts-train-service|ts-travel-service|ts-travel2-service|ts-ui-dashboard|ts-user-service,1441,1706011363,1706012803
/home/user/data/RE2/RE2-TT/ts-travel-service_disk/2,RE2-TT,ts-travel-service_disk,2,ts-travel-service,disk,cluster_info.json|inject_time.txt|logts.csv|metrics.csv|metrics_postprocess.log|pod-node-1.csv|pod-node-2.csv|simple_metrics.csv|traces.csv|tracets_err.csv|tracets_lat.csv,1706143230,True,25438518,166981,21,ts-admin-basic-info-service|ts-admin-travel-service|ts-assurance-service|ts-auth-service|ts-basic-service|ts-config-service|ts-consign-price-service|ts-consign-service|ts-food-map-service|ts-food-service|ts-inside-payment-service|ts-order-other-service|ts-order-service|ts-payment-service|ts-price-service|ts-route-service|ts-station-service|ts-ticketinfo-service|ts-train-service|ts-travel-service|ts-travel2-service,1706142510,1706143949,True,19,21,True,ts-route-service|ts-station-service|ts-ticketinfo-service|ts-train-service|ts-travel-service,True,0.0,True,28,ts-admin-basic-info-service|ts-admin-travel-service|ts-assurance-service|ts-auth-service|ts-basic-service|ts-config-service|ts-consign-price-service|ts-consign-service|ts-contacts-service|ts-food-map-service|ts-food-service|ts-inside-payment-service|ts-order-other-service|ts-order-service|ts-payment-service|ts-preserve-other-service|ts-preserve-service|ts-price-service|ts-route-service|ts-seat-service|ts-security-service|ts-station-service|ts-ticketinfo-service|ts-train-service|ts-travel-service|ts-travel2-service|ts-ui-dashboard|ts-user-service,1441,1706142510,1706143950
/home/user/data/RE2/RE2-TT/ts-travel-service_disk/3,RE2-TT,ts-travel-service_disk,3,ts-travel-service,disk,cluster_info.json|inject_time.txt|logts.csv|metrics.csv|metrics_postprocess.log|pod-node-1.csv|pod-node-2.csv|simple_metrics.csv|traces.csv|tracets_err.csv|tracets_lat.csv,1706144777,True,25333134,166242,20,ts-admin-basic-info-service|ts-admin-travel-service|ts-assurance-service|ts-auth-service|ts-basic-service|ts-config-service|ts-consign-price-service|ts-consign-service|ts-food-map-service|ts-food-service|ts-inside-payment-service|ts-order-other-service|ts-order-service|ts-price-service|ts-route-service|ts-station-service|ts-ticketinfo-service|ts-train-service|ts-travel-service|ts-travel2-service,1706144057,1706145496,True,18,20,True,ts-route-service|ts-station-service|ts-ticketinfo-service|ts-train-service|ts-travel-service,True,0.0,True,28,ts-admin-basic-info-service|ts-admin-travel-service|ts-assurance-service|ts-auth-service|ts-basic-service|ts-config-service|ts-consign-price-service|ts-consign-service|ts-contacts-service|ts-food-map-service|ts-food-service|ts-inside-payment-service|ts-order-other-service|ts-order-service|ts-payment-service|ts-preserve-other-service|ts-preserve-service|ts-price-service|ts-route-service|ts-seat-service|ts-security-service|ts-station-service|ts-ticketinfo-service|ts-train-service|ts-travel-service|ts-travel2-service|ts-ui-dashboard|ts-user-service,1441,1706144057,1706145497
/home/user/data/RE2/RE2-TT/ts-travel-service_loss/1,RE2-TT,ts-travel-service_loss,1,ts-travel-service,loss,cluster_info.json|inject_time.txt|logts.csv|metrics.csv|metrics_postprocess.log|pod-node-1.csv|pod-node-2.csv|simple_metrics.csv|traces.csv|tracets_err.csv|tracets_lat.csv,1708454598,True,134361533,877130,27,ts-admin-basic-info-service|ts-admin-travel-service|ts-assurance-service|ts-auth-service|ts-basic-service|ts-config-service|ts-consign-price-service|ts-consign-service|ts-contacts-service|ts-food-map-service|ts-food-service|ts-inside-payment-service|ts-order-other-service|ts-order-service|ts-payment-service|ts-preserve-other-service|ts-preserve-service|ts-price-service|ts-route-service|ts-seat-service|ts-security-service|ts-station-service|ts-ticketinfo-service|ts-train-service|ts-travel-service|ts-travel2-service|ts-user-service,1708453878,1708455317,True,26,55,False,ts-assurance-service|ts-config-service|ts-contacts-service|ts-food-service|ts-order-other-service|ts-order-service|ts-price-service|ts-route-service|ts-seat-service|ts-security-service|ts-station-service|ts-ticketinfo-service|ts-train-service|ts-travel-service|ts-travel2-service|ts-user-service,True,3.564099173933788e-05,True,28,ts-admin-basic-info-service|ts-admin-travel-service|ts-assurance-service|ts-auth-service|ts-basic-service|ts-config-service|ts-consign-price-service|ts-consign-service|ts-contacts-service|ts-food-map-service|ts-food-service|ts-inside-payment-service|ts-order-other-service|ts-order-service|ts-payment-service|ts-preserve-other-service|ts-preserve-service|ts-price-service|ts-route-service|ts-seat-service|ts-security-service|ts-station-service|ts-ticketinfo-service|ts-train-service|ts-travel-service|ts-travel2-service|ts-ui-dashboard|ts-user-service,1441,1708453878,1708455318
/home/user/data/RE2/RE2-TT/ts-travel-service_loss/2,RE2-TT,ts-travel-service_loss,2,ts-travel-service,loss,cluster_info.json|inject_time.txt|logts.csv|metrics.csv|metrics_postprocess.log|pod-node-1.csv|pod-node-2.csv|simple_metrics.csv|traces.csv|tracets_err.csv|tracets_lat.csv,1706154918,True,184796249,1213089,27,ts-admin-basic-info-service|ts-admin-travel-service|ts-assurance-service|ts-auth-service|ts-basic-service|ts-config-service|ts-consign-price-service|ts-consign-service|ts-contacts-service|ts-food-map-service|ts-food-service|ts-inside-payment-service|ts-order-other-service|ts-order-service|ts-payment-service|ts-preserve-other-service|ts-preserve-service|ts-price-service|ts-route-service|ts-seat-service|ts-security-service|ts-station-service|ts-ticketinfo-service|ts-train-service|ts-travel-service|ts-travel2-service|ts-user-service,1706154198,1706155638,True,26,55,False,ts-assurance-service|ts-config-service|ts-contacts-service|ts-food-service|ts-order-other-service|ts-order-service|ts-price-service|ts-route-service|ts-seat-service|ts-security-service|ts-station-service|ts-ticketinfo-service|ts-train-service|ts-travel-service|ts-travel2-service|ts-user-service,True,1.0778578156299333e-05,True,28,ts-admin-basic-info-service|ts-admin-travel-service|ts-assurance-service|ts-auth-service|ts-basic-service|ts-config-service|ts-consign-price-service|ts-consign-service|ts-contacts-service|ts-food-map-service|ts-food-service|ts-inside-payment-service|ts-order-other-service|ts-order-service|ts-payment-service|ts-preserve-other-service|ts-preserve-service|ts-price-service|ts-route-service|ts-seat-service|ts-security-service|ts-station-service|ts-ticketinfo-service|ts-train-service|ts-travel-service|ts-travel2-service|ts-ui-dashboard|ts-user-service,1441,1706154198,1706155638
/home/user/data/RE2/RE2-TT/ts-travel-service_loss/3,RE2-TT,ts-travel-service_loss,3,ts-travel-service,loss,cluster_info.json|inject_time.txt|logts.csv|metrics.csv|metrics_postprocess.log|pod-node-1.csv|pod-node-2.csv|simple_metrics.csv|traces.csv|tracets_err.csv|tracets_lat.csv,1708456140,True,155855010,1020066,27,ts-admin-basic-info-service|ts-admin-travel-service|ts-assurance-service|ts-auth-service|ts-basic-service|ts-config-service|ts-consign-price-service|ts-consign-service|ts-contacts-service|ts-food-map-service|ts-food-service|ts-inside-payment-service|ts-order-other-service|ts-order-service|ts-payment-service|ts-preserve-other-service|ts-preserve-service|ts-price-service|ts-route-service|ts-seat-service|ts-security-service|ts-station-service|ts-ticketinfo-service|ts-train-service|ts-travel-service|ts-travel2-service|ts-user-service,1708455420,1708456859,True,26,55,False,ts-assurance-service|ts-config-service|ts-contacts-service|ts-food-service|ts-order-other-service|ts-order-service|ts-price-service|ts-route-service|ts-seat-service|ts-security-service|ts-station-service|ts-ticketinfo-service|ts-train-service|ts-travel-service|ts-travel2-service|ts-user-service,True,4.3443403119236347e-05,True,28,ts-admin-basic-info-service|ts-admin-travel-service|ts-assurance-service|ts-auth-service|ts-basic-service|ts-config-service|ts-consign-price-service|ts-consign-service|ts-contacts-service|ts-food-map-service|ts-food-service|ts-inside-payment-service|ts-order-other-service|ts-order-service|ts-payment-service|ts-preserve-other-service|ts-preserve-service|ts-price-service|ts-route-service|ts-seat-service|ts-security-service|ts-station-service|ts-ticketinfo-service|ts-train-service|ts-travel-service|ts-travel2-service|ts-ui-dashboard|ts-user-service,1441,1708455420,1708456860
/home/user/data/RE2/RE2-TT/ts-travel-service_mem/1,RE2-TT,ts-travel-service_mem,1,ts-travel-service,mem,cluster_info.json|inject_time.txt|logts.csv|metrics.csv|metrics_postprocess.log|pod-node-1.csv|pod-node-2.csv|simple_metrics.csv|traces.csv|tracets_err.csv|tracets_lat.csv,1706202000,True,126156946,825431,27,ts-admin-basic-info-service|ts-admin-travel-service|ts-assurance-service|ts-auth-service|ts-basic-service|ts-config-service|ts-consign-price-service|ts-consign-service|ts-contacts-service|ts-food-map-service|ts-food-service|ts-inside-payment-service|ts-order-other-service|ts-order-service|ts-payment-service|ts-preserve-other-service|ts-preserve-service|ts-price-service|ts-route-service|ts-seat-service|ts-security-service|ts-station-service|ts-ticketinfo-service|ts-train-service|ts-travel-service|ts-travel2-service|ts-user-service,1706201280,1706202719,True,26,55,False,ts-assurance-service|ts-config-service|ts-contacts-service|ts-food-service|ts-order-other-service|ts-order-service|ts-price-service|ts-route-service|ts-seat-service|ts-security-service|ts-station-service|ts-ticketinfo-service|ts-train-service|ts-travel-service|ts-travel2-service|ts-user-service,True,1.9531893751380965e-05,True,28,ts-admin-basic-info-service|ts-admin-travel-service|ts-assurance-service|ts-auth-service|ts-basic-service|ts-config-service|ts-consign-price-service|ts-consign-service|ts-contacts-service|ts-food-map-service|ts-food-service|ts-inside-payment-service|ts-order-other-service|ts-order-service|ts-payment-service|ts-preserve-other-service|ts-preserve-service|ts-price-service|ts-route-service|ts-seat-service|ts-security-service|ts-station-service|ts-ticketinfo-service|ts-train-service|ts-travel-service|ts-travel2-service|ts-ui-dashboard|ts-user-service,1441,1706201280,1706202720
/home/user/data/RE2/RE2-TT/ts-travel-service_mem/2,RE2-TT,ts-travel-service_mem,2,ts-travel-service,mem,cluster_info.json|inject_time.txt|logts.csv|metrics.csv|metrics_postprocess.log|pod-node-1.csv|pod-node-2.csv|simple_metrics.csv|traces.csv|tracets_err.csv|tracets_lat.csv,1706203551,True,135424031,887067,27,ts-admin-basic-info-service|ts-admin-travel-service|ts-assurance-service|ts-auth-service|ts-basic-service|ts-config-service|ts-consign-price-service|ts-consign-service|ts-contacts-service|ts-food-map-service|ts-food-service|ts-inside-payment-service|ts-order-other-service|ts-order-service|ts-payment-service|ts-preserve-other-service|ts-preserve-service|ts-price-service|ts-route-service|ts-seat-service|ts-security-service|ts-station-service|ts-ticketinfo-service|ts-train-service|ts-travel-service|ts-travel2-service|ts-user-service,1706202831,1706204270,True,26,55,False,ts-assurance-service|ts-config-service|ts-contacts-service|ts-food-service|ts-order-other-service|ts-order-service|ts-price-service|ts-route-service|ts-seat-service|ts-security-service|ts-station-service|ts-ticketinfo-service|ts-train-service|ts-travel-service|ts-travel2-service|ts-user-service,True,1.4756143379769782e-05,True,28,ts-admin-basic-info-service|ts-admin-travel-service|ts-assurance-service|ts-auth-service|ts-basic-service|ts-config-service|ts-consign-price-service|ts-consign-service|ts-contacts-service|ts-food-map-service|ts-food-service|ts-inside-payment-service|ts-order-other-service|ts-order-service|ts-payment-service|ts-preserve-other-service|ts-preserve-service|ts-price-service|ts-route-service|ts-seat-service|ts-security-service|ts-station-service|ts-ticketinfo-service|ts-train-service|ts-travel-service|ts-travel2-service|ts-ui-dashboard|ts-user-service,1441,1706202831,1706204271
/home/user/data/RE2/RE2-TT/ts-travel-service_mem/3,RE2-TT,ts-travel-service_mem,3,ts-travel-service,mem,cluster_info.json|inject_time.txt|logts.csv|metrics.csv|metrics_postprocess.log|pod-node-1.csv|pod-node-2.csv|simple_metrics.csv|traces.csv|tracets_err.csv|tracets_lat.csv,1706207458,True,90359678,587772,27,ts-admin-basic-info-service|ts-admin-travel-service|ts-assurance-service|ts-auth-service|ts-basic-service|ts-config-service|ts-consign-price-service|ts-consign-service|ts-contacts-service|ts-food-map-service|ts-food-service|ts-inside-payment-service|ts-order-other-service|ts-order-service|ts-payment-service|ts-preserve-other-service|ts-preserve-service|ts-price-service|ts-route-service|ts-seat-service|ts-security-service|ts-station-service|ts-ticketinfo-service|ts-train-service|ts-travel-service|ts-travel2-service|ts-user-service,1706206738,1706208178,True,26,55,False,ts-assurance-service|ts-config-service|ts-contacts-service|ts-food-service|ts-order-other-service|ts-order-service|ts-price-service|ts-route-service|ts-seat-service|ts-security-service|ts-station-service|ts-ticketinfo-service|ts-train-service|ts-travel-service|ts-travel2-service|ts-user-service,True,1.0313903657825932e-05,True,28,ts-admin-basic-info-service|ts-admin-travel-service|ts-assurance-service|ts-auth-service|ts-basic-service|ts-config-service|ts-consign-price-service|ts-consign-service|ts-contacts-service|ts-food-map-service|ts-food-service|ts-inside-payment-service|ts-order-other-service|ts-order-service|ts-payment-service|ts-preserve-other-service|ts-preserve-service|ts-price-service|ts-route-service|ts-seat-service|ts-security-service|ts-station-service|ts-ticketinfo-service|ts-train-service|ts-travel-service|ts-travel2-service|ts-ui-dashboard|ts-user-service,1441,1706206738,1706208178
/home/user/data/RE2/RE2-TT/ts-travel-service_socket/1,RE2-TT,ts-travel-service_socket,1,ts-travel-service,socket,cluster_info.json|inject_time.txt|logts.csv|metrics.csv|metrics_postprocess.log|pod-node-1.csv|pod-node-2.csv|simple_metrics.csv|traces.csv|tracets_err.csv|tracets_lat.csv,1706146324,True,24902853,163434,20,ts-admin-basic-info-service|ts-admin-travel-service|ts-assurance-service|ts-auth-service|ts-basic-service|ts-config-service|ts-consign-price-service|ts-consign-service|ts-food-map-service|ts-food-service|ts-inside-payment-service|ts-order-other-service|ts-order-service|ts-price-service|ts-route-service|ts-station-service|ts-ticketinfo-service|ts-train-service|ts-travel-service|ts-travel2-service,1706145604,1706147043,True,18,20,True,ts-route-service|ts-station-service|ts-ticketinfo-service|ts-train-service|ts-travel-service,True,1.2749572889308208e-05,True,28,ts-admin-basic-info-service|ts-admin-travel-service|ts-assurance-service|ts-auth-service|ts-basic-service|ts-config-service|ts-consign-price-service|ts-consign-service|ts-contacts-service|ts-food-map-service|ts-food-service|ts-inside-payment-service|ts-order-other-service|ts-order-service|ts-payment-service|ts-preserve-other-service|ts-preserve-service|ts-price-service|ts-route-service|ts-seat-service|ts-security-service|ts-station-service|ts-ticketinfo-service|ts-train-service|ts-travel-service|ts-travel2-service|ts-ui-dashboard|ts-user-service,1441,1706145604,1706147044
/home/user/data/RE2/RE2-TT/ts-travel-service_socket/2,RE2-TT,ts-travel-service_socket,2,ts-travel-service,socket,cluster_info.json|inject_time.txt|logts.csv|metrics.csv|metrics_postprocess.log|pod-node-1.csv|pod-node-2.csv|simple_metrics.csv|traces.csv|tracets_err.csv|tracets_lat.csv,1706148724,True,103064443,670824,27,ts-admin-basic-info-service|ts-admin-travel-service|ts-assurance-service|ts-auth-service|ts-basic-service|ts-config-service|ts-consign-price-service|ts-consign-service|ts-contacts-service|ts-food-map-service|ts-food-service|ts-inside-payment-service|ts-order-other-service|ts-order-service|ts-payment-service|ts-preserve-other-service|ts-preserve-service|ts-price-service|ts-route-service|ts-seat-service|ts-security-service|ts-station-service|ts-ticketinfo-service|ts-train-service|ts-travel-service|ts-travel2-service|ts-user-service,1706148004,1706149444,True,26,55,False,ts-assurance-service|ts-config-service|ts-contacts-service|ts-food-service|ts-order-other-service|ts-order-service|ts-price-service|ts-route-service|ts-seat-service|ts-security-service|ts-station-service|ts-ticketinfo-service|ts-train-service|ts-travel-service|ts-travel2-service|ts-user-service,True,4.2165372591303094e-05,True,28,ts-admin-basic-info-service|ts-admin-travel-service|ts-assurance-service|ts-auth-service|ts-basic-service|ts-config-service|ts-consign-price-service|ts-consign-service|ts-contacts-service|ts-food-map-service|ts-food-service|ts-inside-payment-service|ts-order-other-service|ts-order-service|ts-payment-service|ts-preserve-other-service|ts-preserve-service|ts-price-service|ts-route-service|ts-seat-service|ts-security-service|ts-station-service|ts-ticketinfo-service|ts-train-service|ts-travel-service|ts-travel2-service|ts-ui-dashboard|ts-user-service,1441,1706148004,1706149444
/home/user/data/RE2/RE2-TT/ts-travel-service_socket/3,RE2-TT,ts-travel-service_socket,3,ts-travel-service,socket,cluster_info.json|inject_time.txt|logts.csv|metrics.csv|metrics_postprocess.log|pod-node-1.csv|pod-node-2.csv|simple_metrics.csv|traces.csv|tracets_err.csv|tracets_lat.csv,1706150271,True,120086935,783847,27,ts-admin-basic-info-service|ts-admin-travel-service|ts-assurance-service|ts-auth-service|ts-basic-service|ts-config-service|ts-consign-price-service|ts-consign-service|ts-contacts-service|ts-food-map-service|ts-food-service|ts-inside-payment-service|ts-order-other-service|ts-order-service|ts-payment-service|ts-preserve-other-service|ts-preserve-service|ts-price-service|ts-route-service|ts-seat-service|ts-security-service|ts-station-service|ts-ticketinfo-service|ts-train-service|ts-travel-service|ts-travel2-service|ts-user-service,1706149551,1706150990,True,26,55,False,ts-assurance-service|ts-config-service|ts-contacts-service|ts-food-service|ts-order-other-service|ts-order-service|ts-price-service|ts-route-service|ts-seat-service|ts-security-service|ts-station-service|ts-ticketinfo-service|ts-train-service|ts-travel-service|ts-travel2-service|ts-user-service,True,6.435014716878658e-06,True,28,ts-admin-basic-info-service|ts-admin-travel-service|ts-assurance-service|ts-auth-service|ts-basic-service|ts-config-service|ts-consign-price-service|ts-consign-service|ts-contacts-service|ts-food-map-service|ts-food-service|ts-inside-payment-service|ts-order-other-service|ts-order-service|ts-payment-service|ts-preserve-other-service|ts-preserve-service|ts-price-service|ts-route-service|ts-seat-service|ts-security-service|ts-station-service|ts-ticketinfo-service|ts-train-service|ts-travel-service|ts-travel2-service|ts-ui-dashboard|ts-user-service,1441,1706149551,1706150991
